Age,DistanceFromHome,MonthlyIncome,PercentSalaryHike,StockOptionLevel,TrainingTimesLastYear,YearsAtCompany,YearsInCurrentRole,MonthlyHours,Attrition,OverTime,OverallSatisfaction,JobLevel,NumCompaniesWorked,Education
52,9,8446,17,0,2,8,7,156.61363636363637,0,0,2.6,3,9,4
36,1,4834,14,1,3,1,8,157.94230769230768,0,1,2.8,5,1,1
25,16,4768,25,1,4,1,5,448.05555555555554,0,1,3.2,2,1,3
33,5,2799,14,0,1,3,7,271.9076923076923,0,0,2.4,1,2,4
31,9,6319,12,0,2,10,2,106.37333333333333,0,0,3.2,1,1,2
35,7,2269,11,3,2,1,2,276.280701754386,0,0,3.6,1,1,3
27,4,8726,11,1,0,9,3,374.82142857142856,0,0,2.4,1,2,2
23,3,1790,20,2,2,1,5,234.83098591549296,0,1,3.4,2,1,1
42,17,3375,13,0,2,3,2,280.6829268292683,0,1,3.0,2,3,2
35,29,2690,13,1,5,1,8,120.46938775510205,0,0,2.6,2,1,3
39,5,3069,12,0,3,10,10,124.77777777777777,0,0,2.6,3,2,3
59,26,13726,15,0,4,5,2,256.7959183673469,0,0,2.4,2,8,2
34,12,2008,13,0,2,1,2,175.28205128205127,0,0,3.6,1,1,2
35,1,16292,13,1,3,13,12,203.65,0,0,2.6,3,1,3
37,4,3452,12,0,3,5,2,103.94,0,0,3.0,2,9,3
38,8,10589,13,1,3,7,2,230.19565217391303,0,0,2.0,2,2,4
51,2,6393,19,1,4,4,2,118.38888888888889,0,0,2.6,1,0,2
40,3,5003,12,2,6,10,10,126.9342105263158,0,0,2.4,3,0,3
36,10,9980,22,0,3,10,0,316.0,0,0,2.8,1,1,1
38,29,17491,13,2,4,6,7,203.38372093023256,0,0,2.4,2,4,3
34,10,3038,21,2,3,1,2,139.92753623188406,0,0,2.8,1,3,2
40,1,10475,14,0,2,18,10,233.80246913580248,0,1,2.8,5,0,3
33,18,6179,16,0,2,5,2,82.6046511627907,0,0,2.8,2,1,3
52,5,9255,13,1,2,4,0,259.72972972972974,0,1,2.8,3,2,3
36,11,4678,15,0,2,6,0,235.7704918032787,1,0,1.2,2,5,2
35,1,8952,12,1,2,17,3,144.38709677419354,0,0,3.0,1,1,4
33,2,4223,21,0,2,15,1,80.05319148936171,0,0,2.8,2,1,1
48,22,6439,13,1,2,8,7,162.94736842105263,0,0,2.6,2,0,2
34,2,9547,15,0,2,10,7,433.075,0,0,2.4,4,7,1
50,29,12932,11,1,3,2,4,140.56521739130434,0,0,2.4,2,2,2
55,2,17001,21,0,3,9,2,242.87142857142857,0,1,3.2,1,3,4
35,7,1951,12,1,3,1,10,134.06451612903226,0,0,1.8,2,1,2
40,17,2018,16,2,3,5,2,509.75757575757575,0,0,2.2,2,2,2
47,3,12936,15,0,3,8,7,496.7435897435897,0,0,3.4,3,3,2
36,6,7094,13,2,0,7,7,333.3529411764706,0,1,2.4,2,4,3
29,10,2804,17,1,3,1,1,183.74242424242425,0,0,2.6,1,0,1
47,1,5868,13,1,3,13,2,74.86075949367088,0,0,2.4,1,4,3
39,4,6472,19,1,2,9,2,346.56666666666666,0,0,2.2,2,6,3
24,11,2725,12,0,3,6,5,213.6125,0,1,2.6,2,1,2
43,25,26707,17,1,2,10,8,329.71604938271605,0,0,2.2,3,3,2
34,26,12069,18,0,3,2,2,120.69,0,0,2.8,2,0,4
37,2,6502,14,1,2,5,1,212.84,0,0,2.2,1,4,2
24,6,2819,20,2,2,6,2,54.964285714285715,0,0,2.8,2,6,2
38,26,22967,15,0,2,6,3,441.6730769230769,1,0,2.2,2,5,4
31,3,9936,12,0,2,9,2,164.82022471910113,1,0,2.4,1,4,3
44,2,2559,12,2,0,8,4,490.2826086956522,0,0,3.0,2,7,2
60,2,2396,15,0,2,1,0,26.043478260869566,1,1,2.8,1,6,2
29,2,4973,17,2,5,0,7,64.58441558441558,0,0,3.4,2,1,1
46,23,5855,16,1,2,9,4,106.54945054945055,0,0,2.4,1,0,4
37,2,3564,11,0,3,8,4,70.83783783783784,0,1,2.8,2,1,3
34,6,2742,13,0,2,2,12,278.25925925925924,0,0,2.6,5,7,3
45,9,7551,16,0,1,20,2,179.78571428571428,0,1,2.8,1,0,4
51,9,4936,11,3,2,7,0,442.51666666666665,0,0,2.6,1,1,3
45,8,5006,11,0,3,5,4,221.3548387096774,1,1,2.6,1,1,1
38,28,6545,11,0,1,3,2,521.4418604651163,0,1,2.6,4,4,3
28,23,2713,25,3,2,5,7,232.39583333333334,0,0,2.0,1,1,3
56,28,16090,12,0,2,5,2,223.47222222222223,0,0,3.2,1,4,3
35,7,5628,16,0,2,9,0,72.15384615384616,0,1,3.0,2,6,4
30,9,2693,16,1,3,1,3,284.1290322580645,0,0,3.4,1,1,3
49,3,3810,14,0,2,6,2,44.30232558139535,1,1,2.4,1,1,2
29,29,4267,12,2,2,0,0,147.64444444444445,0,0,2.2,2,5,2
38,10,2983,12,1,3,3,0,308.23880597014926,0,0,1.8,3,2,4
34,8,2768,17,0,3,7,0,202.51898734177215,1,1,2.6,1,1,1
40,11,10435,20,1,2,18,9,281.1034482758621,0,0,2.6,4,3,4
38,8,4892,19,0,1,8,0,147.80555555555554,0,0,3.8,1,1,1
22,7,6054,14,3,6,1,3,97.64516129032258,0,0,2.6,1,6,1
60,2,5405,14,0,1,2,2,144.71794871794873,0,0,3.0,1,1,3
45,20,6889,11,0,2,7,1,157.2608695652174,1,1,3.0,1,0,2
34,2,6029,19,1,3,2,2,128.03508771929825,0,1,3.0,1,6,1
28,10,4908,11,0,3,4,3,208.64788732394365,0,0,3.0,2,3,4
34,1,2691,11,1,4,10,1,163.70666666666668,0,0,3.2,2,0,4
41,1,2289,17,1,2,5,2,289.06666666666666,0,0,2.6,2,9,4
39,1,12169,12,0,2,18,2,329.79545454545456,0,0,2.8,2,4,4
38,8,4488,21,0,2,13,3,71.74242424242425,0,0,3.6,1,1,2
36,18,2342,11,0,3,5,2,134.16129032258064,0,0,2.4,2,2,1
30,5,3909,11,1,2,9,2,59.142857142857146,0,0,2.8,1,1,3
35,2,4859,15,0,3,5,7,172.53225806451613,0,0,3.0,2,8,3
47,9,16998,11,0,3,17,0,190.98876404494382,1,1,2.2,1,2,3
32,2,4087,18,0,3,6,2,202.1076923076923,0,1,2.6,1,1,4
45,9,18385,17,0,2,10,2,238.76623376623377,1,1,1.8,2,0,4
34,8,2231,15,2,3,4,7,208.80357142857142,0,0,3.6,2,1,3
32,27,11159,23,1,6,7,7,255.3030303030303,0,0,3.2,2,7,5
54,9,3735,17,1,6,10,16,272.28125,0,0,2.6,5,2,3
39,8,8847,11,0,2,6,2,117.41935483870968,0,0,2.6,4,3,5
30,4,8450,12,0,2,11,7,176.54166666666666,1,1,3.0,2,1,4
35,7,12761,14,2,4,19,2,174.8082191780822,0,0,2.6,2,7,4
30,8,4011,16,1,2,12,0,54.79347826086956,0,1,2.2,2,2,2
53,2,2450,15,0,4,2,2,37.07865168539326,0,0,2.6,1,7,3
45,6,2348,11,1,2,17,4,409.4,0,0,2.8,1,1,2
31,1,5582,14,0,2,9,2,232.43529411764706,1,0,3.0,1,0,3
47,1,5467,12,0,4,8,14,154.55102040816325,0,1,2.8,3,1,2
26,10,5747,12,0,3,2,7,91.22222222222223,0,0,2.8,3,3,4
33,4,9558,18,0,2,10,7,170.67857142857142,1,0,2.4,2,1,3
49,1,3423,14,2,2,7,7,160.50574712643677,0,0,2.8,4,3,3
38,2,2610,12,1,2,4,2,273.5,0,1,3.0,1,1,3
28,3,2028,16,3,2,4,3,467.02222222222224,0,1,3.0,4,3,4
36,7,3886,11,2,2,10,2,420.265625,0,0,3.2,1,1,1
42,3,9256,12,0,2,20,10,388.2826086956522,0,0,2.6,1,1,3
32,6,13119,13,0,2,1,2,135.24742268041237,0,0,2.6,2,2,3
59,22,11904,18,1,1,6,7,269.01408450704224,0,0,2.4,3,7,3
45,9,4805,14,0,3,8,4,253.84883720930233,1,0,2.2,1,3,4
36,11,5860,18,2,2,3,8,205.74418604651163,1,0,3.0,3,1,3
42,7,14034,24,1,5,5,9,292.375,0,0,2.4,3,1,2
28,1,3485,21,1,2,0,3,53.45333333333333,0,1,2.2,2,5,5
46,2,6073,11,1,3,4,3,229.17073170731706,0,0,2.4,1,1,4
29,29,2974,15,2,2,5,8,494.7,0,0,2.4,1,2,4
40,1,9705,12,3,2,1,1,346.4237288135593,0,0,2.4,1,1,2
40,19,3875,16,2,2,2,0,552.1388888888889,0,0,2.0,2,2,2
28,2,8268,13,0,2,7,3,332.8,0,0,2.2,1,7,1
47,25,11849,12,0,2,10,4,302.36842105263156,1,1,2.8,3,2,4
41,25,6230,11,1,3,14,10,122.36842105263158,0,1,2.8,3,1,4
46,13,8658,13,3,2,8,2,197.36458333333334,1,1,2.0,2,5,5
19,9,1483,18,2,2,1,0,245.8901098901099,0,0,2.6,1,6,3
34,8,5869,19,3,2,15,2,111.7816091954023,0,0,2.4,1,1,5
30,6,25657,17,0,2,4,2,493.40384615384613,0,0,2.8,1,8,2
35,2,7653,11,2,3,10,2,108.50617283950618,1,0,2.4,2,4,3
45,7,9724,19,0,2,1,6,425.41818181818184,0,0,1.8,2,8,3
34,21,19921,12,0,3,2,7,269.2027027027027,0,0,3.8,2,1,4
37,9,2501,16,0,4,5,8,212.4375,1,0,3.2,3,1,2
31,11,19106,18,0,2,11,2,203.25531914893617,0,0,2.2,1,4,3
46,1,2823,14,1,2,7,14,61.125,0,1,3.0,2,1,2
27,4,2379,14,1,3,5,11,310.4255319148936,0,0,3.2,2,4,4
39,20,3230,18,1,4,5,7,209.0842105263158,0,1,1.8,3,2,3
27,3,2561,22,1,2,2,0,65.66666666666667,0,0,2.4,1,5,2
35,1,6599,14,1,3,1,10,157.11904761904762,0,0,3.2,3,1,1
33,28,2277,20,2,4,4,3,112.54545454545455,0,0,2.8,2,1,2
31,26,5915,11,1,2,7,3,504.8333333333333,0,0,2.4,2,1,3
30,8,3491,11,1,2,10,3,372.3333333333333,0,0,2.6,1,1,1
33,1,13610,11,0,2,7,9,219.51764705882354,0,0,2.8,2,9,3
28,19,22670,11,2,5,5,3,238.6315789473684,0,1,2.6,2,9,4
40,22,10932,15,0,2,1,10,308.09302325581393,0,1,2.8,2,1,4
33,16,3143,19,2,1,10,0,372.09090909090907,0,0,3.2,2,4,4
33,4,4373,12,1,2,4,13,195.14285714285714,0,0,2.8,2,1,3
34,7,2932,18,1,2,5,2,265.5769230769231,0,1,2.8,3,7,2
40,1,10503,11,0,3,6,7,454.6756756756757,0,1,2.8,2,4,5
45,13,9277,17,0,3,4,7,109.14117647058823,1,1,2.6,4,6,4
43,9,2437,23,2,4,1,2,195.05208333333334,0,0,3.2,1,3,4
34,6,4381,12,2,3,6,9,283.1666666666667,0,1,2.6,2,3,2
38,1,13206,13,1,3,18,5,274.6265060240964,0,1,3.0,1,1,2
38,29,10609,19,3,6,16,3,216.2622950819672,0,0,2.6,2,8,4
32,7,3666,11,1,2,13,9,72.61111111111111,1,0,3.0,1,8,2
36,7,5228,13,1,2,2,0,213.05263157894737,0,0,2.8,1,1,1
44,5,18384,12,2,4,3,3,216.28235294117647,0,0,2.8,2,1,2
56,23,5380,24,1,3,0,7,293.5679012345679,0,0,3.2,1,1,2
43,28,4585,20,1,5,20,4,173.18556701030928,0,0,3.6,1,4,3
33,9,8224,13,0,3,5,2,281.34615384615387,1,0,2.2,1,1,3
26,3,2368,17,1,3,5,0,120.8,0,0,2.6,1,3,3
31,10,11479,20,0,2,10,0,124.77173913043478,1,1,2.6,1,6,3
46,5,3904,14,1,2,5,8,185.22916666666666,0,0,2.8,2,1,2
29,18,2125,17,1,3,3,9,54.827586206896555,0,1,3.0,5,1,4
31,6,16047,20,1,2,1,7,471.97058823529414,0,1,2.6,2,2,2
40,13,2809,13,1,2,2,0,91.06410256410257,0,0,3.0,1,1,2
27,8,24907,23,1,3,5,7,408.3114754098361,0,0,2.8,2,1,1
42,25,4907,12,0,3,20,0,219.95833333333334,1,0,2.0,1,1,3
34,1,9713,16,1,2,5,2,293.1666666666667,0,0,2.4,1,2,3
38,1,6770,21,0,3,7,8,211.5625,0,0,2.2,3,1,3
34,3,3420,15,1,2,6,3,315.7358490566038,0,0,2.8,1,4,3
52,2,12982,11,1,3,9,14,393.3939393939394,0,1,3.0,4,1,2
28,1,5207,13,0,2,7,9,82.65079365079364,1,1,3.2,1,1,4
56,7,7260,22,1,2,6,7,198.5,0,0,3.4,2,3,4
26,3,4364,11,0,2,2,7,413.55357142857144,0,1,3.2,1,1,4
31,14,6582,14,2,2,6,7,342.3095238095238,0,1,2.2,1,1,3
42,2,5155,14,1,3,6,7,271.5777777777778,0,0,3.0,2,2,2
41,21,6870,11,1,3,3,9,199.90196078431373,0,0,2.6,3,1,4
46,23,3032,22,2,2,11,2,33.68888888888889,0,0,2.2,1,1,3
32,11,4648,12,0,2,0,1,102.3875,0,0,3.6,2,3,4
32,9,3931,13,1,5,4,7,220.79166666666666,0,1,3.0,3,3,1
24,2,3698,20,0,2,3,7,61.71604938271605,0,1,2.2,2,1,4
31,2,3334,12,0,3,3,7,301.15625,0,0,3.4,2,1,2
20,12,3033,12,2,2,2,2,163.43421052631578,0,1,2.8,2,9,4
38,16,13494,13,2,3,5,2,137.69387755102042,0,0,1.8,2,4,4
28,4,8863,15,0,2,2,4,206.11627906976744,0,0,2.8,2,1,3
35,11,5098,11,2,5,10,9,389.875,0,0,3.0,2,4,3
42,5,13348,11,0,3,5,4,586.0652173913044,1,1,3.0,2,1,3
30,1,8412,11,0,3,9,4,207.22340425531914,1,1,2.2,2,8,2
23,17,3295,13,0,3,3,0,57.82432432432432,0,0,3.0,1,2,3
42,1,4272,14,1,3,1,0,174.02777777777777,0,0,2.2,1,1,3
37,2,16321,18,1,2,10,1,194.29761904761904,0,0,2.8,2,5,3
32,1,9204,12,3,2,4,3,112.04040404040404,1,1,2.6,1,1,2
49,15,10849,11,1,2,5,2,208.6346153846154,0,0,2.6,5,5,2
40,9,6377,23,0,2,12,3,85.1951219512195,1,0,2.2,1,7,4
45,1,19566,16,1,3,1,7,399.3061224489796,0,0,2.6,3,1,3
29,5,2373,12,1,2,7,4,44.52,0,0,2.4,1,9,4
18,25,21221,12,0,2,1,0,372.29824561403507,0,1,3.4,1,1,3
35,1,20490,16,1,2,10,2,215.68421052631578,0,0,2.2,1,3,4
31,1,6689,11,1,2,11,0,306.4166666666667,1,1,2.4,1,1,2
38,19,2899,13,0,3,2,0,150.4375,0,1,2.6,3,1,2
29,3,9396,13,1,3,2,2,103.25274725274726,1,0,2.2,1,5,3
39,25,18300,16,0,2,15,2,257.7464788732394,1,0,2.6,1,5,5
25,6,6180,14,0,2,6,7,274.013698630137,0,1,1.6,2,1,3
32,9,5689,17,1,2,10,1,66.75268817204301,1,0,2.6,2,4,4
34,24,5429,18,0,1,8,0,351.7121212121212,1,1,2.2,1,1,3
35,8,8321,22,1,1,5,2,275.05263157894734,0,0,3.2,2,0,3
29,2,4258,14,1,5,10,8,46.28260869565217,0,0,2.6,2,3,2
34,1,11994,18,0,4,12,2,470.75,0,0,3.0,1,1,3
29,1,3425,15,1,4,5,2,67.03488372093024,0,0,2.8,1,2,3
34,2,6244,19,1,6,5,4,262.94444444444446,0,1,3.4,3,3,2
28,24,24447,17,2,3,3,8,394.30645161290323,0,0,2.4,2,1,2
50,2,13269,12,3,3,14,0,330.0833333333333,0,0,2.2,5,8,3
29,6,4193,11,3,3,9,7,212.27906976744185,0,0,2.8,4,9,3
41,16,2778,20,0,1,7,0,136.3783783783784,1,1,2.0,3,2,3
40,5,2345,13,0,2,3,0,86.33333333333333,0,0,3.2,5,6,2
29,20,18624,11,1,2,3,8,209.25842696629215,0,0,2.4,2,1,3
30,1,2206,11,0,5,10,3,432.7719298245614,0,0,2.4,2,7,1
51,7,13588,22,1,6,7,3,176.07692307692307,0,1,2.8,2,5,4
31,2,4956,23,1,2,10,4,80.59210526315789,0,0,3.0,1,0,3
34,9,4538,13,0,3,3,7,123.08196721311475,0,1,2.6,1,1,2
44,20,2436,12,0,2,4,3,544.6774193548387,0,0,3.2,2,3,4
27,21,19373,20,1,2,4,1,523.5945945945946,1,0,2.4,1,1,3
40,1,9150,11,0,2,12,2,109.64646464646465,1,1,2.2,1,1,1
30,12,5294,11,0,3,7,2,86.2987012987013,0,0,3.4,3,4,3
32,11,3312,17,1,3,3,9,562.4333333333333,0,0,2.4,3,1,3
34,1,4444,16,1,2,11,2,127.50515463917526,0,0,2.8,3,7,4
35,9,10221,19,0,3,8,1,199.93814432989691,0,0,2.6,2,9,4
32,24,5530,13,2,5,6,2,145.52631578947367,0,0,3.4,1,0,3
36,15,23785,15,0,3,2,0,403.135593220339,0,0,3.0,1,1,3
39,2,5093,12,1,2,1,6,75.62162162162163,0,1,2.8,3,4,3
29,1,2936,15,2,4,6,0,159.11111111111111,1,0,1.8,1,1,3
43,1,4732,11,0,1,10,2,89.4047619047619,0,0,2.4,1,2,3
39,6,20251,11,1,2,19,13,430.8723404255319,0,0,3.4,1,0,3
56,9,13212,17,1,2,7,3,590.9767441860465,0,0,3.2,1,9,4
52,29,23978,21,1,2,5,0,263.4945054945055,0,0,2.0,3,3,1
50,2,10496,18,1,2,4,2,243.27692307692308,0,0,2.8,3,3,1
34,22,6274,19,0,5,6,0,536.4,1,1,3.2,1,1,1
38,3,2821,12,1,2,2,2,185.24657534246575,0,0,2.4,3,9,4
34,2,5343,14,1,2,13,2,269.2280701754386,1,1,2.0,1,6,3
35,10,4581,21,2,2,11,7,150.28125,0,0,2.6,3,1,2
42,27,5151,16,1,1,5,7,106.75510204081633,0,0,3.0,2,2,4
27,16,6142,14,1,0,6,7,142.63541666666666,0,0,3.0,2,8,4
20,10,1009,13,0,5,1,3,198.3695652173913,0,0,2.8,2,1,3
46,1,7991,22,1,3,2,0,359.59574468085106,0,0,3.4,1,1,2
37,20,6474,22,0,2,14,3,310.4,1,1,2.6,1,1,2
24,15,21624,14,0,6,4,2,248.55172413793105,0,1,2.4,4,2,4
46,18,5562,14,2,2,10,7,209.5483870967742,0,1,3.0,2,3,4
40,15,2213,14,2,3,7,8,168.01408450704224,0,0,2.4,4,7,3
50,2,9208,13,0,3,2,8,229.1326530612245,0,0,3.2,2,1,3
56,27,11535,11,1,0,19,7,161.46987951807228,0,0,2.6,3,8,3
33,15,3088,11,1,2,5,7,73.92553191489361,0,0,2.0,3,2,2
27,2,6349,13,1,0,5,9,281.98809523809524,0,0,2.4,2,6,4
43,2,7847,12,1,3,10,3,400.01666666666665,0,0,1.8,3,9,4
28,10,3660,21,3,4,8,7,218.921875,1,0,2.8,3,5,3
40,9,5473,19,1,5,8,2,123.48979591836735,0,0,2.6,1,0,3
31,29,2109,14,2,3,3,6,33.052083333333336,0,0,2.0,2,1,1
35,3,3407,20,3,2,10,0,123.01234567901234,0,1,2.2,1,4,3
41,9,4766,12,0,2,1,2,223.26470588235293,1,0,1.6,1,3,2
38,2,7861,14,3,4,1,2,448.63829787234044,0,0,2.8,4,6,4
36,26,2741,14,2,4,7,1,56.3,1,0,2.4,2,2,4
43,27,2645,11,0,2,5,5,336.8301886792453,0,0,2.4,1,1,1
41,6,3376,23,1,2,10,11,177.83333333333334,0,0,2.8,2,3,3
50,1,6009,11,0,4,10,7,281.52941176470586,0,0,2.8,3,1,2
34,4,4568,19,0,2,9,0,260.1111111111111,0,0,2.4,2,3,1
55,15,10239,11,1,4,1,7,192.8082191780822,1,0,3.0,3,1,3
27,21,9947,13,0,5,7,0,268.8378378378378,1,1,2.8,1,1,3
41,5,6811,14,0,3,8,5,303.2142857142857,0,0,2.4,1,0,2
54,2,2632,16,1,2,5,16,61.824175824175825,0,0,2.2,4,7,5
43,7,10950,11,0,2,8,3,256.3636363636364,0,0,2.4,1,2,3
29,1,2720,12,0,5,10,7,214.3846153846154,0,0,2.2,2,1,3
40,2,3319,24,0,2,9,0,389.11538461538464,0,1,2.6,2,5,3
37,1,21447,13,0,2,1,0,293.7945205479452,0,0,2.4,2,6,4
54,7,10725,14,0,1,9,2,215.03636363636363,0,0,2.8,2,0,3
39,2,4553,11,0,4,20,0,189.0506329113924,1,0,2.2,1,2,4
37,9,2973,13,0,2,5,3,111.63529411764706,1,0,1.8,2,8,3
34,10,25198,19,0,3,7,2,327.24675324675326,0,1,2.8,2,6,3
45,1,9380,12,0,4,3,2,279.74603174603175,0,0,3.6,1,0,2
24,2,2145,16,1,2,5,7,187.4102564102564,1,0,2.8,3,0,5
27,10,3517,16,0,2,3,2,82.80392156862744,0,1,2.6,2,3,4
28,4,4382,13,1,2,2,2,564.6170212765958,0,0,3.2,1,1,4
29,14,4649,24,1,3,4,1,55.319148936170215,0,0,2.4,4,6,2
44,2,21081,13,1,1,2,2,224.2659574468085,1,1,2.6,1,6,3
52,1,13247,20,3,2,5,2,371.8,0,1,2.4,4,4,4
53,2,10934,19,3,2,5,10,159.8989898989899,0,0,2.6,2,1,3
37,19,11992,24,2,3,7,2,149.9,0,0,2.8,1,1,1
38,5,10077,12,1,4,9,2,117.17441860465117,0,1,3.2,1,0,4
30,19,20366,12,0,2,10,2,357.29824561403507,1,1,3.4,1,6,3
37,2,5968,17,0,2,9,2,355.95652173913044,1,0,3.0,1,6,4
51,19,13116,13,2,2,2,8,489.8695652173913,0,0,3.0,2,4,3
24,16,2694,16,1,4,1,2,115.29729729729729,0,0,2.8,1,9,2
28,2,4306,11,0,6,5,2,109.68888888888888,0,1,3.4,1,5,3
54,3,11133,21,0,3,5,0,194.69662921348313,0,0,2.4,1,1,3
39,1,6389,12,2,3,8,2,121.04838709677419,0,0,2.8,2,0,3
31,7,16985,14,1,3,9,8,186.64835164835165,0,0,2.8,2,1,3
31,2,4244,20,2,5,10,2,127.94805194805195,0,1,2.0,2,2,4
29,1,12719,25,1,3,1,2,189.83582089552237,0,0,2.6,1,1,3
37,2,7491,24,0,3,6,0,514.2549019607843,1,0,2.8,1,4,3
57,1,4900,12,2,2,12,3,151.64893617021278,1,0,3.0,2,7,4
34,19,2308,14,3,4,11,2,125.39024390243902,0,0,3.2,2,8,4
46,5,9071,11,2,3,3,0,337.14925373134326,0,0,2.4,2,1,4
34,18,5337,11,0,3,10,2,332.4,0,0,3.2,3,2,2
32,8,3064,17,0,3,4,3,90.10526315789474,1,0,2.4,2,6,3
41,2,8045,14,1,2,9,1,118.30882352941177,0,0,3.2,1,2,3
40,4,2387,12,0,3,4,7,406.36842105263156,0,0,2.4,2,1,2
26,3,2570,18,2,5,7,0,412.1951219512195,0,0,2.8,1,1,3
35,10,5257,19,1,3,9,0,291.7631578947368,0,0,3.0,2,3,3
45,28,4386,11,3,5,9,5,50.53409090909091,0,0,3.6,2,0,4
32,16,2660,19,0,2,2,8,232.9120879120879,0,0,2.6,3,1,3
18,15,1904,16,1,0,0,2,449.64,0,0,2.6,1,1,2
29,5,20293,17,1,2,0,0,213.61052631578949,1,0,1.2,1,6,2
48,2,2112,17,0,3,0,7,201.67741935483872,0,1,2.0,2,2,4
26,1,2061,21,0,5,1,0,209.89,1,0,2.0,1,0,1
26,10,2293,11,0,2,1,4,112.77083333333333,1,1,3.0,1,1,4
53,12,7693,21,0,3,14,4,289.3030303030303,0,0,3.0,2,4,3
27,1,3193,19,2,3,6,3,137.35714285714286,0,0,2.4,2,2,3
33,4,5487,13,3,2,10,3,381.9375,0,1,3.4,3,2,3
44,9,10224,22,0,5,2,4,249.3658536585366,1,0,2.0,1,7,3
26,9,5828,17,1,0,8,0,275.65822784810126,1,1,2.4,1,0,3
50,4,3221,13,1,3,20,0,109.96703296703296,0,0,2.6,1,1,3
30,10,2132,11,1,2,5,2,233.8953488372093,0,1,3.4,2,2,2
41,2,6032,14,1,3,5,3,277.5081967213115,0,0,2.6,2,1,3
51,3,5021,13,1,2,4,3,249.74736842105264,0,1,3.0,2,2,3
55,22,4035,11,0,2,3,2,498.85714285714283,0,0,3.0,1,1,1
26,2,4969,16,0,6,2,3,107.515625,0,0,3.2,4,5,3
49,24,6567,11,1,2,15,9,147.13333333333333,0,0,2.2,4,0,1
33,8,2157,12,1,5,3,11,235.57692307692307,0,0,3.2,2,1,4
32,2,2332,20,0,3,3,2,474.2325581395349,0,0,2.8,2,3,1
38,28,11373,15,1,2,1,0,196.08620689655172,0,0,2.2,3,3,3
52,10,2755,11,0,5,5,0,202.010101010101,0,0,3.0,1,1,3
42,2,7439,15,0,3,20,7,198.50980392156862,0,0,3.0,2,3,4
32,10,7779,14,0,0,11,4,242.09302325581396,0,0,2.4,2,1,4
46,25,10096,13,0,1,7,3,548.9090909090909,0,0,3.0,2,1,3
41,2,5467,18,1,4,6,3,150.85333333333332,0,0,3.2,1,6,4
40,8,6881,15,1,2,20,3,73.20212765957447,0,0,1.4,1,1,1
35,8,17689,15,1,2,2,7,223.91139240506328,0,1,2.6,2,1,1
35,13,7331,20,1,2,10,2,95.20779220779221,0,0,2.6,1,1,3
35,9,24978,13,0,4,5,2,480.34615384615387,0,0,2.4,1,4,3
32,14,2827,17,0,3,1,4,115.05882352941177,0,0,2.4,2,7,2
32,10,3730,20,0,2,3,2,562.4,1,0,2.0,1,1,2
46,2,2560,18,0,3,1,7,425.9756097560976,0,0,3.0,3,0,5
45,6,5906,14,0,2,9,13,304.4390243902439,0,0,2.6,2,1,4
36,29,3622,13,3,2,7,2,39.8021978021978,0,0,2.4,1,1,1
31,1,6762,22,1,3,1,2,76.8409090909091,0,0,2.6,1,3,4
43,5,5561,12,0,3,8,2,63.1,0,1,2.4,1,2,5
38,25,2354,11,0,0,5,16,48.19191919191919,0,0,2.2,3,7,3
38,8,13582,22,1,3,15,3,160.98823529411766,0,1,2.2,2,0,2
27,2,3058,19,2,3,5,0,47.26923076923077,0,0,2.0,2,2,3
30,2,4736,11,0,2,2,2,432.05405405405406,0,0,2.8,2,5,3
41,2,5003,23,1,6,2,0,288.23809523809524,0,1,3.4,1,1,2
36,14,4502,17,1,2,13,8,70.8970588235294,0,1,2.6,2,0,1
28,24,4558,17,0,2,10,0,236.48888888888888,1,0,3.0,1,1,3
45,1,4297,17,1,2,11,3,82.31818181818181,0,0,2.8,2,0,3
43,3,4739,11,0,2,3,6,325.2903225806452,0,0,2.2,4,1,4
31,1,4345,14,1,2,5,5,406.03225806451616,0,0,2.4,2,4,4
34,11,6549,15,0,2,8,0,186.4795918367347,1,1,2.2,1,1,3
38,1,3500,14,3,2,6,2,160.59375,0,0,3.0,1,7,4
35,5,5204,17,1,2,10,2,95.4639175257732,0,0,3.0,1,4,2
47,2,4163,20,0,0,9,4,576.5813953488372,0,0,2.8,2,2,3
30,2,2064,13,0,3,5,2,294.48809523809524,1,1,2.4,1,5,4
29,8,4810,14,2,5,10,9,123.70666666666666,0,0,3.0,2,9,4
43,4,2258,17,1,2,3,8,61.926829268292686,0,0,2.8,1,4,4
35,19,9582,18,3,2,8,0,522.1666666666666,1,1,2.6,1,1,2
29,6,5373,20,0,5,5,2,176.0144927536232,0,0,2.8,1,0,1
30,26,3833,21,1,2,2,6,383.95,0,0,3.0,5,1,5
44,9,10482,13,0,2,20,0,179.98876404494382,1,0,2.8,1,1,3
32,5,5055,14,0,2,7,2,247.46938775510205,0,0,2.6,2,1,4
26,25,9129,16,0,2,5,10,117.03846153846153,0,0,2.4,3,3,3
53,21,11761,13,1,3,2,0,164.38888888888889,0,1,3.2,4,4,3
45,7,4850,14,0,3,5,2,322.7719298245614,0,0,2.6,1,0,1
23,7,3505,24,0,3,2,2,389.2258064516129,0,0,2.6,3,8,3
35,1,10377,22,2,6,13,2,580.1818181818181,0,0,2.4,2,6,2
44,4,2290,15,2,3,0,8,68.82222222222222,0,0,3.0,2,5,3
38,1,3702,15,0,3,5,0,199.02061855670104,0,0,3.6,1,1,3
32,18,5878,19,0,2,4,0,136.46153846153845,1,0,2.8,1,1,1
30,2,8628,12,2,2,8,3,304.4861111111111,0,0,3.4,1,1,2
30,19,6577,15,1,6,5,7,76.4659090909091,0,0,3.0,3,2,4
30,28,5209,13,2,4,7,8,186.46875,0,0,3.6,2,1,2
49,26,2587,11,0,2,2,7,334.5238095238095,1,1,2.8,2,1,4
39,28,8489,14,0,3,20,4,182.75342465753425,0,0,2.0,1,1,4
41,3,2127,11,3,5,4,0,331.42,0,0,3.2,1,1,3
45,8,5770,17,1,3,10,8,212.125,0,0,2.6,4,6,4
32,3,25233,13,0,2,11,0,467.27777777777777,1,0,3.0,1,1,3
36,7,3692,11,0,2,11,6,401.75471698113205,0,0,2.4,3,0,4
42,26,2783,14,1,2,2,7,300.22972972972974,0,0,2.2,2,1,3
41,2,13570,13,1,2,20,2,271.78205128205127,1,1,3.0,5,5,3
29,2,11868,13,1,2,2,2,123.625,0,0,3.0,1,4,3
43,8,24609,18,0,2,16,2,256.34375,0,0,3.4,1,9,2
26,9,2148,22,0,2,5,2,224.3913043478261,1,1,2.0,1,0,2
36,19,16290,11,2,2,17,7,243.13432835820896,0,0,2.2,1,1,3
39,17,21026,15,3,1,3,7,223.68085106382978,0,1,2.8,2,3,4
34,3,2661,15,1,2,2,3,426.52272727272725,0,0,2.6,2,9,3
43,6,4522,13,1,3,5,2,144.54545454545453,0,0,3.0,1,1,3
27,10,6214,19,1,3,8,2,123.01063829787235,0,1,3.0,3,2,3
53,14,2912,18,2,2,14,2,93.93548387096774,0,1,3.2,1,1,3
42,3,7192,18,0,3,1,7,186.76530612244898,0,0,3.0,4,3,3
28,5,4221,17,2,3,5,2,536.6571428571428,0,0,3.4,1,3,4
40,2,5715,12,3,5,5,0,196.67105263157896,0,0,2.6,1,1,1
34,5,5121,16,2,3,0,2,379.95081967213116,0,0,3.2,2,7,2
40,25,5268,13,1,3,20,0,167.55696202531647,0,0,3.0,3,5,3
34,24,7324,17,3,3,9,1,145.33333333333334,1,1,2.8,1,1,3
38,26,8504,11,1,2,5,7,157.4814814814815,0,0,2.2,2,1,3
31,5,3477,14,1,2,5,2,123.98809523809524,0,0,3.0,1,5,3
34,18,4599,12,0,2,15,7,298.53731343283584,0,0,3.4,3,6,4
33,27,3838,12,1,5,5,4,67.29885057471265,0,0,3.2,1,5,3
28,25,2408,13,2,3,1,2,330.21153846153845,0,0,3.0,2,7,2
37,12,2900,12,2,2,5,0,55.63636363636363,0,1,3.0,2,3,4
56,2,2339,21,0,4,10,8,155.53164556962025,0,0,3.0,1,4,4
37,10,5768,13,1,2,4,9,96.19047619047619,0,1,2.2,2,1,4
23,10,2904,13,0,2,4,2,466.3658536585366,0,1,3.8,2,2,4
35,4,5174,20,1,2,10,2,59.47126436781609,0,1,2.6,2,1,3
37,8,4189,17,0,2,5,2,261.51162790697674,0,0,2.6,1,7,3
29,2,3956,13,1,3,10,0,55.82666666666667,0,0,2.8,1,1,3
35,24,8318,16,0,3,9,3,231.05555555555554,0,0,2.2,1,1,4
56,13,2587,15,3,3,4,2,56.375,1,1,2.2,1,4,3
31,13,3388,17,0,0,1,1,250.2608695652174,1,0,2.0,2,2,4
42,7,2696,19,0,5,3,1,229.05084745762713,0,0,3.2,4,3,3
30,5,3204,16,1,3,3,2,206.53333333333333,0,1,2.6,1,1,3
34,3,15891,18,0,3,3,9,196.1851851851852,0,0,2.6,2,3,3
29,2,5355,11,0,1,8,0,140.92105263157896,1,0,2.2,1,7,2
27,6,2279,15,0,2,7,4,106.42105263157895,0,1,3.0,2,6,3
34,1,9888,15,1,3,14,2,244.04651162790697,0,0,3.0,1,1,2
36,6,4639,12,3,2,15,11,198.9493670886076,0,1,2.8,2,7,3
34,4,4789,16,0,3,3,2,92.21212121212122,1,0,2.8,1,5,1
42,7,3968,13,2,3,0,7,443.20512820512823,1,1,2.4,1,3,3
29,2,26619,12,1,2,7,0,385.7826086956522,1,1,2.4,1,1,3
47,1,4978,13,0,3,1,0,213.77464788732394,0,0,3.0,1,1,1
30,1,5249,14,1,0,8,2,265.05882352941177,0,0,2.2,1,0,4
26,3,16102,14,0,0,1,0,203.8227848101266,0,0,2.8,1,1,1
33,18,26314,14,1,2,4,7,302.4597701149425,0,0,2.8,2,2,3
40,1,4647,11,0,3,6,2,537.88,0,0,2.4,2,4,4
30,19,2613,11,3,2,10,2,135.44776119402985,0,0,3.2,1,3,1
47,28,2845,19,0,2,5,13,63.375,0,0,2.8,3,4,3
40,9,13757,11,1,5,9,2,290.2916666666667,0,1,2.4,2,2,2
52,1,3482,21,1,3,9,7,55.0,0,1,2.2,3,2,3
28,8,3441,11,0,3,2,2,91.82089552238806,0,0,3.0,1,1,3
42,18,4523,16,1,4,6,3,225.0,0,0,2.2,2,0,4
36,14,6962,13,1,2,1,4,381.87931034482756,1,1,2.8,1,5,3
27,1,11275,12,1,4,9,3,117.44791666666667,0,0,2.6,2,1,1
27,22,2318,11,0,2,1,2,240.39583333333334,1,1,2.4,1,4,3
49,18,7122,18,2,3,15,0,87.92592592592592,0,0,3.6,1,4,4
41,10,3072,12,1,2,1,2,76.81818181818181,0,1,3.6,2,1,4
35,6,3408,14,0,2,4,2,91.21212121212122,0,1,3.2,1,0,1
29,26,3760,15,1,5,3,7,464.65384615384613,0,0,1.6,2,1,3
33,2,3055,18,0,2,9,7,460.45454545454544,0,0,2.4,2,1,2
37,1,8989,15,1,3,3,8,124.7012987012987,0,1,3.6,2,1,3
32,2,2323,11,0,3,10,14,123.09433962264151,0,1,3.0,2,9,4
44,1,5288,14,1,2,12,2,76.8169014084507,0,0,2.0,1,3,2
31,10,2097,14,1,2,2,2,47.271186440677965,0,0,3.0,1,0,3
46,6,21457,15,1,3,6,7,510.8809523809524,0,0,2.2,3,4,1
35,10,2706,18,1,3,4,3,68.02777777777777,0,0,2.4,2,1,3
33,8,2909,13,0,3,8,0,168.19753086419752,0,0,3.4,1,4,3
41,2,4103,12,1,2,9,7,199.69333333333333,0,1,2.0,4,3,3
43,23,2670,12,1,3,1,16,268.1617647058824,0,1,2.6,4,4,3
28,20,8463,14,1,4,5,2,238.48888888888888,0,0,3.6,2,2,2
42,4,13008,19,0,2,1,0,190.38095238095238,1,0,2.0,1,1,3
37,2,6447,18,1,2,6,7,445.1818181818182,0,0,2.6,3,2,3
29,18,4262,14,2,2,3,2,307.425,0,1,3.4,2,1,4
54,1,5485,13,1,4,5,5,240.01190476190476,0,1,2.6,2,1,4
42,9,11411,12,3,2,1,2,215.30188679245282,0,1,2.8,1,1,3
59,1,10512,15,0,6,9,2,188.68085106382978,0,0,2.4,2,1,2
38,18,8984,11,0,3,9,2,115.3953488372093,0,0,2.6,3,5,1
25,4,2187,16,0,3,2,2,538.1,0,1,3.0,2,0,4
31,20,9096,15,1,2,13,2,107.01176470588236,0,0,2.4,2,0,3
29,26,4554,14,1,3,10,6,84.75757575757575,0,0,2.4,4,2,4
34,2,2029,16,1,2,5,3,162.7594936708861,0,0,2.8,2,7,5
22,2,2814,13,3,2,4,2,569.3611111111111,0,1,2.2,2,0,1
45,5,8059,14,0,3,2,0,198.18840579710144,1,1,2.8,1,1,3
24,1,3202,12,2,4,5,8,290.8727272727273,0,1,3.0,2,1,1
38,3,8237,17,0,3,7,1,343.5416666666667,0,0,3.2,2,5,3
31,18,2610,13,0,5,2,1,105.52054794520548,0,0,2.6,1,1,1
39,10,5902,25,0,2,15,1,64.04166666666667,1,1,2.2,1,1,3
38,1,6615,22,1,2,10,4,182.74242424242425,0,0,3.2,4,9,2
43,2,8429,13,1,2,7,4,85.14141414141415,0,0,3.0,1,1,3
49,3,2302,20,0,0,3,2,207.84375,0,1,3.0,2,3,5
33,16,7725,12,0,2,13,2,181.98888888888888,0,0,2.6,2,2,3
23,20,2819,14,0,3,3,7,143.51111111111112,0,0,3.4,2,1,3
37,5,2996,13,1,2,4,0,78.04651162790698,0,1,1.8,2,1,3
24,1,3162,17,1,2,5,4,182.24528301886792,0,0,2.4,3,7,4
29,5,2119,19,1,4,7,2,410.6470588235294,0,0,2.6,2,1,3
29,13,2062,11,1,2,3,2,126.71232876712328,0,0,2.8,2,2,4
42,24,5538,22,1,2,0,0,463.25581395348837,1,1,3.0,1,3,3
53,4,16031,12,1,4,3,2,258.56451612903226,0,0,2.4,1,8,3
44,1,11038,14,1,2,12,4,201.8181818181818,0,1,2.6,3,3,2
30,2,4658,18,1,4,5,2,146.31914893617022,0,0,2.6,2,0,4
32,26,3433,12,2,3,5,12,211.8913043478261,0,1,3.6,4,1,2
36,4,4605,15,1,3,9,7,177.3125,1,1,3.4,1,1,1
30,11,18500,11,1,2,5,2,342.5925925925926,0,0,3.6,2,1,2
33,14,4510,18,3,6,7,4,65.02777777777777,1,1,2.2,1,9,4
38,2,5329,18,1,2,13,2,242.09375,0,1,2.6,1,0,4
30,9,9667,19,0,3,7,7,389.5416666666667,0,0,2.6,2,1,4
38,3,3692,19,1,3,5,0,63.69230769230769,0,0,2.8,1,1,3
44,3,2818,14,0,2,3,2,381.3076923076923,1,0,2.2,2,9,2
28,10,2070,13,3,2,5,7,50.46052631578947,0,0,2.6,2,2,5
35,4,10685,21,0,2,17,2,281.8723404255319,0,0,2.8,1,6,4
27,10,7880,17,0,3,8,12,391.45454545454544,1,0,2.6,3,9,3
35,4,5182,15,0,2,2,4,95.96296296296296,0,1,3.2,1,7,1
26,11,2544,13,1,3,7,1,568.3720930232558,0,0,2.6,1,1,3
32,1,10781,23,0,3,6,8,185.8793103448276,0,0,3.4,2,1,2
30,7,12241,11,1,2,5,7,122.41,0,0,2.8,2,4,3
35,1,3506,19,1,3,3,1,237.66315789473686,0,0,2.8,4,4,5
26,1,6397,14,0,6,6,0,194.45762711864407,0,0,1.4,1,4,3
30,7,7140,11,0,2,7,4,442.81632653061223,0,0,2.4,3,4,3
31,21,16439,16,1,4,5,3,456.6388888888889,0,0,2.8,2,2,2
38,22,3306,12,1,5,9,2,252.5212765957447,0,0,2.4,1,5,3
40,4,9946,14,1,2,8,4,301.3939393939394,0,0,2.8,5,2,2
37,7,23293,18,0,3,6,2,358.3538461538462,0,0,3.0,1,2,4
50,1,11757,13,0,2,8,0,231.7710843373494,0,0,3.2,1,1,3
35,15,23683,18,1,3,3,2,503.8936170212766,0,0,3.2,2,3,3
31,17,3372,13,1,4,10,0,57.90721649484536,1,0,2.2,1,1,2
52,7,3212,18,1,3,2,4,289.17721518987344,1,0,2.8,2,1,2
43,4,7898,11,0,2,10,4,99.90243902439025,0,0,2.4,1,8,4
42,5,22792,12,2,4,0,2,542.6666666666666,0,0,2.4,3,4,4
42,2,2936,12,0,1,6,0,261.6,1,0,2.6,1,1,4
46,29,11652,11,0,2,19,4,186.26760563380282,1,0,2.6,1,0,2
52,29,9752,13,0,4,8,5,125.8433734939759,0,0,2.8,1,5,3
38,1,11510,21,1,2,11,3,335.39130434782606,0,0,2.8,1,0,3
49,3,3580,18,0,2,4,2,231.46236559139786,0,0,2.6,3,1,4
33,8,2622,14,1,3,3,7,322.77777777777777,0,0,2.0,3,9,3
35,1,3755,13,1,3,8,3,533.0,0,1,3.0,2,2,4
45,2,3633,12,0,2,9,8,506.7692307692308,0,0,2.8,4,4,3
34,1,6074,12,1,3,9,0,117.49367088607595,0,0,2.4,2,7,5
42,6,19368,13,0,6,4,11,236.1951219512195,0,0,2.4,2,1,4
35,2,4788,19,1,2,3,4,281.41379310344826,0,0,3.2,2,1,1
55,2,16620,11,0,2,7,0,218.68421052631578,0,0,3.0,1,5,2
38,5,3210,14,0,4,15,7,468.94,0,1,1.8,2,1,5
47,5,3294,11,1,3,3,9,209.38095238095238,0,1,2.6,4,1,3
28,5,8722,14,0,2,10,1,325.9148936170213,1,1,2.4,1,3,2
24,22,2042,12,2,2,3,4,89.8529411764706,1,1,2.4,2,2,2
32,3,3038,12,1,2,5,8,292.90909090909093,0,0,3.0,2,1,3
49,1,8931,11,0,2,1,8,187.11,1,0,2.6,3,1,5
48,1,25265,13,2,3,8,3,382.8030303030303,0,0,2.4,1,1,1
32,10,26075,13,0,3,9,0,330.0632911392405,0,0,3.6,2,8,4
24,16,2122,14,0,3,3,3,43.30612244897959,0,0,2.8,1,1,3
43,24,5340,13,0,1,8,7,208.07692307692307,0,0,2.4,2,7,1
30,1,5598,15,3,3,3,2,158.7835051546392,0,0,2.4,1,1,3
33,3,3600,18,0,2,11,0,433.609756097561,1,1,2.6,2,4,2
60,10,5220,11,2,3,11,0,370.04918032786884,1,0,2.4,3,6,3
34,4,11631,11,0,6,11,9,346.4074074074074,0,0,3.4,3,1,3
28,4,2596,19,1,2,1,0,300.8735632183908,0,0,3.2,1,7,2
31,3,2218,11,1,2,4,4,214.50877192982455,0,0,2.6,2,2,3
29,1,6623,13,0,2,1,7,587.3636363636364,0,0,3.0,2,0,4
51,3,13142,25,1,1,5,2,536.5116279069767,0,0,2.0,2,4,2
37,26,2073,20,3,3,3,4,172.72826086956522,0,0,2.4,1,1,1
39,3,14506,12,0,2,1,3,166.73563218390805,0,0,2.8,3,2,3
40,2,10322,19,0,6,18,10,180.63636363636363,0,0,2.8,4,1,4
32,21,8998,18,3,2,9,11,172.62025316455697,0,0,3.0,1,1,3
28,5,4779,12,0,2,8,2,182.7058823529412,0,0,2.0,2,3,3
43,2,5033,13,0,3,14,7,181.4742268041237,0,0,2.8,1,0,3
24,8,2127,17,0,2,1,4,71.08,0,0,2.4,1,1,4
30,2,2083,15,1,2,1,14,453.43859649122805,1,0,2.6,5,1,1
51,26,14864,14,1,2,10,4,193.03896103896105,0,0,3.2,4,5,3
26,2,2741,22,2,2,7,7,293.5074626865672,0,0,3.0,2,4,4
34,1,12930,22,0,3,4,3,219.15254237288136,0,0,2.8,2,4,4
28,3,3464,13,1,4,3,2,83.22916666666667,0,1,3.0,1,1,2
36,1,4663,16,0,2,3,4,83.725,0,0,2.8,2,1,3
47,3,2997,16,1,3,13,2,271.75,0,0,2.6,1,3,4
44,6,4303,21,0,3,10,2,82.04285714285714,1,1,2.6,1,7,3
42,10,2372,12,0,2,1,7,394.6,0,0,3.4,2,1,3
32,18,10400,15,2,2,14,7,258.6195652173913,0,1,3.0,2,1,4
26,6,4294,22,2,2,7,7,94.22727272727273,0,0,3.4,2,4,4
33,1,4878,22,0,2,9,8,237.7840909090909,0,0,2.8,3,1,1
30,16,6347,13,1,2,11,4,196.17857142857142,0,0,2.6,1,0,3
30,5,4779,14,1,3,3,7,237.47727272727272,1,1,2.4,1,1,2
29,10,2272,11,1,2,5,7,75.9390243902439,0,0,2.8,2,1,4
54,2,10502,13,0,2,5,4,239.77319587628867,0,1,3.2,4,2,3
27,5,2566,24,0,2,1,0,181.03571428571428,0,0,3.0,2,8,4
32,6,6220,17,0,3,10,2,126.96511627906976,0,0,3.6,2,2,3
28,21,2144,15,1,3,5,4,393.0,0,0,3.0,1,5,2
26,1,3339,11,0,2,5,2,39.55,0,1,2.2,1,3,4
47,2,2725,14,0,2,20,2,330.1730769230769,0,0,3.0,1,2,4
49,10,3376,12,1,3,8,16,105.71717171717172,0,0,2.0,3,3,3
36,11,6815,20,1,5,1,2,266.109756097561,0,0,3.0,2,8,4
31,10,2739,14,0,1,2,7,47.921875,0,0,2.4,3,9,3
26,24,6950,21,1,2,4,9,124.10714285714286,0,1,2.8,3,1,3
50,10,11591,12,1,2,9,1,202.92857142857142,0,0,2.4,2,7,3
32,8,24624,11,0,2,1,12,378.83076923076925,0,1,2.8,2,1,2
33,25,4905,12,1,2,10,7,212.73170731707316,0,0,2.2,2,1,3
22,18,14961,13,0,2,4,3,173.96511627906978,1,1,2.8,1,1,1
36,19,12449,12,3,2,10,5,159.60256410256412,0,0,2.6,1,1,4
31,23,2356,18,0,2,6,9,280.6388888888889,0,0,3.4,4,6,4
36,7,3419,15,0,3,1,7,286.2682926829268,0,0,2.6,1,3,4
39,1,2232,14,0,1,3,0,212.97530864197532,1,1,3.4,2,3,4
54,5,11912,14,1,5,5,10,237.7017543859649,0,0,3.0,2,1,2
56,8,4257,13,3,3,2,14,139.01694915254237,0,0,2.8,3,1,3
50,4,6725,19,0,2,8,1,234.31578947368422,0,0,2.8,1,1,3
32,28,9980,17,2,1,10,9,551.0434782608696,0,0,3.0,2,1,3
54,1,3142,13,1,2,10,9,444.475,0,1,2.2,3,2,3
26,2,2966,11,3,2,4,0,297.22033898305085,0,1,3.0,1,1,1
43,22,3539,12,0,2,9,0,337.1551724137931,1,0,1.8,1,1,3
36,1,4051,13,1,2,3,3,94.20930232558139,0,1,3.4,2,9,2
20,15,2926,14,1,5,1,0,97.01234567901234,1,0,2.2,2,7,3
38,11,2440,16,1,3,4,0,228.40449438202248,0,0,2.6,2,4,5
29,6,7918,15,1,5,11,0,333.3333333333333,0,0,2.6,2,6,4
37,1,5993,11,0,2,7,2,154.05555555555554,1,1,2.8,1,1,3
31,7,11557,11,0,3,5,8,247.01818181818183,0,1,3.4,2,1,4
48,2,5381,24,1,2,1,7,261.3421052631579,0,0,3.2,2,1,2
35,11,10388,16,0,3,16,2,298.0365853658537,0,0,2.4,4,3,2
32,21,2432,11,1,2,4,2,158.85714285714286,0,0,2.8,1,1,3
27,1,4227,19,2,2,3,10,500.6666666666667,0,0,3.2,3,1,4
24,10,4286,16,1,4,1,2,285.02222222222224,0,0,3.6,1,2,3
29,9,2532,19,1,5,4,4,192.9206349206349,0,0,2.4,1,2,3
40,5,5677,17,0,4,11,2,428.75,1,0,2.2,1,0,3
30,2,3579,11,0,2,11,6,309.14285714285717,0,0,2.0,5,5,3
32,7,2370,14,3,4,8,4,141.2972972972973,0,0,4.0,1,4,3
46,2,4761,11,1,3,1,0,85.8688524590164,0,0,2.6,2,2,4
51,16,5441,14,0,2,10,2,141.95238095238096,0,0,2.4,2,8,4
35,6,4323,16,0,2,5,8,279.32183908045977,0,0,2.4,2,1,4
34,7,2979,14,0,2,0,2,45.73972602739726,1,1,1.6,1,3,3
38,3,7756,12,0,6,5,2,219.93333333333334,0,1,3.0,2,3,1
55,2,6385,13,2,3,8,5,567.0666666666667,0,0,2.8,2,0,3
29,29,4185,18,1,2,4,7,77.5,0,0,2.6,2,3,3
32,24,4465,12,0,2,3,7,171.59722222222223,1,0,1.6,3,1,2
38,2,9518,13,1,2,2,0,164.66129032258064,0,0,2.6,1,3,1
42,1,4060,19,2,2,1,0,165.75903614457832,0,0,2.6,1,8,4
39,20,3646,13,0,2,1,8,175.075,0,0,3.4,1,1,1
39,9,8770,15,0,4,19,4,244.61428571428573,0,0,2.6,2,9,3
54,10,3780,12,0,3,1,0,140.92753623188406,0,0,2.6,1,1,3
45,9,4477,20,1,2,3,0,158.30666666666667,0,1,2.0,1,4,3
35,2,4717,14,1,2,11,8,243.76829268292684,0,0,3.2,3,3,2
50,9,7172,25,0,2,8,1,216.90740740740742,0,0,2.6,1,1,2
38,25,14004,14,0,6,0,2,259.3333333333333,0,0,2.8,2,4,2
35,15,2194,14,0,2,3,0,200.84375,0,0,3.4,1,1,2
30,19,20338,12,0,2,9,9,581.0857142857143,0,0,2.6,1,1,3
36,1,2519,11,1,6,11,2,218.0609756097561,0,0,2.8,1,1,2
36,1,4440,11,1,2,15,0,354.6764705882353,0,0,3.2,5,3,4
36,1,9738,17,0,6,9,5,404.20338983050846,0,0,3.4,3,4,3
30,1,8834,12,0,2,9,3,319.57142857142856,0,1,3.0,1,6,3
28,25,2044,24,0,2,5,0,207.08045977011494,1,1,2.4,1,1,4
26,4,2875,11,0,2,8,4,122.12121212121212,0,1,2.6,2,1,2
55,24,13335,22,1,2,5,0,248.6417910447761,0,0,3.0,1,1,1
55,14,2125,18,1,3,9,7,41.484375,0,0,3.0,2,8,4
40,5,20445,21,0,2,10,6,208.62244897959184,0,1,2.8,2,4,4
26,2,3102,12,0,2,6,2,70.22093023255815,0,1,2.8,2,0,3
28,7,4724,14,0,0,5,0,534.8,0,0,3.2,2,2,4
49,3,2267,18,0,2,2,3,146.5612244897959,0,1,2.8,2,1,1
34,2,2307,17,1,2,5,3,258.6363636363636,0,0,2.6,1,4,2
42,29,13402,14,2,2,1,7,155.14285714285714,0,0,2.2,2,1,4
33,6,6388,14,1,6,0,4,232.90816326530611,0,0,3.2,2,4,4
32,1,3974,20,0,3,2,0,56.77142857142857,0,0,2.6,1,6,3
52,8,3149,15,1,3,5,2,184.87037037037038,0,0,3.2,1,7,4
45,10,2755,15,0,3,10,3,36.97,0,0,3.4,3,6,3
35,7,7632,20,3,2,8,7,502.19444444444446,0,0,3.2,2,1,2
39,12,3902,18,1,2,2,0,195.54054054054055,1,0,2.4,1,1,4
37,4,4213,17,0,4,10,0,103.26506024096386,0,1,3.4,2,1,2
46,4,5258,13,3,2,1,2,94.76288659793815,0,0,2.8,2,7,2
50,8,4728,13,0,4,0,4,321.537037037037,0,0,2.2,1,9,4
31,3,7547,20,1,3,5,4,333.0126582278481,0,0,2.6,2,6,2
31,2,7446,16,0,2,10,7,338.8076923076923,0,0,2.8,1,0,4
39,3,5151,20,1,3,10,0,319.056338028169,0,0,3.0,1,1,3
24,22,2774,11,0,2,5,8,41.88405797101449,0,0,2.6,3,0,4
53,2,13888,20,3,2,9,11,186.4943820224719,0,0,2.8,2,5,1
29,9,3072,15,0,3,10,2,165.76923076923077,1,0,2.8,1,1,4
27,27,25549,12,1,3,9,7,387.1060606060606,0,0,2.2,2,4,3
32,8,2176,14,1,5,6,0,130.84375,0,0,2.4,2,3,5
33,11,4302,13,1,2,3,3,60.044444444444444,0,0,3.4,4,3,2
34,5,2929,13,0,3,10,4,316.27868852459017,0,0,2.8,2,6,1
35,23,2559,21,1,3,6,8,194.94444444444446,0,0,2.8,2,1,1
35,4,9973,20,0,2,4,5,188.16981132075472,0,1,2.8,1,1,2
38,11,6861,19,1,1,1,4,309.8125,0,1,3.2,1,3,4
34,29,6500,19,0,1,3,0,170.67857142857142,0,0,2.2,2,4,3
46,1,9755,19,0,2,7,3,233.53424657534248,0,1,1.8,5,3,3
34,5,8053,12,1,3,14,9,414.8048780487805,0,0,3.0,3,2,3
45,10,2220,14,0,2,1,3,239.82142857142858,0,0,3.6,2,7,2
27,10,19630,18,0,5,6,2,248.48101265822785,0,0,3.0,1,1,1
52,7,5577,11,0,3,10,9,530.5102040816327,0,0,3.4,3,0,3
38,23,3057,11,2,0,1,5,243.03370786516854,0,1,3.0,1,1,3
41,5,4240,12,2,0,2,2,188.1625,0,1,2.6,1,0,2
34,7,4944,25,1,3,15,10,104.49090909090908,0,1,2.6,1,0,2
35,1,8606,16,0,3,11,3,354.38709677419354,1,1,2.2,1,1,1
37,2,4777,14,0,2,1,0,82.48863636363636,0,0,3.0,2,9,4
32,2,4194,22,1,3,5,2,316.3333333333333,0,0,2.8,4,2,3
28,3,2367,11,0,2,4,2,97.22727272727273,1,1,2.8,1,5,3
41,7,26062,20,0,3,10,1,260.62,0,0,2.4,1,1,3
25,1,3977,12,1,2,5,7,180.76666666666668,0,0,3.0,2,0,3
33,23,2187,12,0,5,5,9,400.2972972972973,0,0,3.2,2,1,2
38,22,5377,25,1,3,7,8,205.32967032967034,0,0,2.8,4,3,5
33,1,5376,12,0,3,5,0,323.08,1,0,2.2,1,1,4
35,16,2705,12,0,2,5,7,198.54166666666666,0,1,3.2,3,4,3
39,25,3449,21,1,3,17,4,93.6056338028169,0,0,2.8,3,3,2
44,28,9731,11,1,2,2,3,164.9322033898305,0,1,3.0,4,2,2
32,3,5518,11,1,5,5,7,108.19607843137256,1,1,2.6,3,1,1
47,2,5067,14,0,2,19,0,64.76842105263158,0,0,2.8,1,1,3
31,11,4306,14,3,5,13,8,213.95744680851064,0,1,3.0,3,1,3
30,4,2794,11,1,3,5,11,127.64179104477611,0,0,2.4,3,7,4
44,2,3161,11,0,0,1,5,87.55813953488372,0,0,2.4,1,1,4
49,17,8564,11,1,2,0,7,248.98214285714286,0,0,3.0,3,8,3
39,8,4127,15,0,2,2,2,474.52830188679246,1,0,2.6,3,2,4
50,24,2683,15,2,2,3,8,264.325,0,0,3.0,2,1,4
35,25,4614,14,1,0,4,6,263.1190476190476,0,0,2.6,1,1,4
34,6,2311,14,1,3,3,7,114.41666666666667,0,0,2.6,1,1,4
40,2,19573,22,1,2,4,0,268.1232876712329,0,1,3.2,2,4,4
23,9,2406,14,2,3,1,2,191.30434782608697,0,0,2.0,2,1,2
30,1,4025,16,2,2,4,3,188.83050847457628,0,0,1.6,1,1,2
34,5,4325,15,0,2,5,0,184.83561643835617,0,0,3.2,1,1,2
28,20,3196,17,2,2,6,0,108.68627450980392,0,0,2.6,1,4,4
28,1,6146,12,0,2,7,2,329.42857142857144,0,1,3.8,2,8,3
54,22,10739,11,1,2,10,0,199.74137931034483,1,0,2.8,1,1,1
30,7,2097,12,1,3,5,3,240.64948453608247,0,0,3.2,2,4,5
30,12,6696,11,0,5,6,1,290.56962025316454,1,1,3.2,1,1,1
40,2,6323,23,0,2,10,0,318.1666666666667,1,1,2.0,1,2,3
31,8,2227,14,0,2,5,2,112.78378378378379,0,1,3.2,2,4,4
48,13,4051,14,0,2,9,7,285.20588235294116,0,0,3.0,2,6,4
31,1,2695,15,0,2,2,0,56.357142857142854,0,0,2.4,4,1,4
35,2,26997,14,0,2,10,7,303.3370786516854,0,0,2.4,2,0,2
32,1,5470,13,1,4,9,8,177.875,0,0,2.8,2,1,3
49,28,3297,11,3,0,7,8,91.94594594594595,0,1,3.4,1,1,1
32,13,3936,11,2,2,8,2,460.5263157894737,0,0,3.0,2,1,2
36,2,10325,14,1,2,16,0,234.80701754385964,1,1,3.2,1,9,1
44,7,3708,19,0,5,5,6,176.11494252873564,0,0,2.8,3,7,4
31,11,5460,13,1,4,7,3,143.69,0,0,2.2,2,4,4
38,17,4028,11,0,2,7,8,539.1842105263158,0,0,3.4,4,1,3
31,1,2956,14,0,4,1,9,192.0,0,1,3.2,3,1,3
29,8,2439,23,0,3,1,7,339.04918032786884,0,0,3.4,2,1,4
28,17,18779,12,1,2,0,1,586.84375,1,0,2.4,1,5,3
37,8,2326,19,1,3,4,8,67.5111111111111,0,0,2.8,1,6,4
35,9,2506,12,0,0,2,2,84.546875,0,0,2.8,1,4,4
29,10,15232,17,0,3,2,0,190.4,0,0,3.2,1,3,2
42,9,5265,22,0,5,5,0,283.4623655913978,0,0,3.4,5,8,2
30,5,9714,18,0,4,10,2,268.1340206185567,0,0,3.2,1,1,1
24,18,2296,14,0,3,1,4,318.8,0,0,2.4,1,1,3
42,1,2058,14,2,1,6,3,120.93406593406593,0,0,3.6,1,3,4
36,7,4485,17,1,2,8,0,318.4237288135593,0,0,2.4,3,2,3
30,2,21602,13,0,2,8,2,400.037037037037,0,0,3.0,2,7,4
49,3,6384,14,0,2,7,9,276.16470588235296,0,0,3.0,4,3,3
43,1,20933,12,3,3,1,8,317.1666666666667,0,0,2.0,3,1,4
37,2,2493,16,0,2,10,10,45.58510638297872,1,1,1.6,5,2,3
27,10,2863,13,1,2,1,2,310.0,0,0,2.0,1,6,3
39,2,8376,13,0,3,2,3,538.0625,0,1,2.8,1,1,1
36,7,5507,18,1,1,4,0,122.42857142857143,0,0,3.0,1,1,2
32,1,5332,22,0,3,5,4,461.54285714285714,0,0,2.8,4,2,4
50,15,25800,13,2,1,5,15,322.5,0,0,2.6,3,1,3
37,8,4107,21,1,3,10,4,497.05555555555554,0,0,2.8,2,5,3
29,21,3987,19,1,5,6,2,173.78125,0,0,2.2,2,6,4
32,20,5175,13,0,2,5,2,431.7959183673469,0,0,2.8,1,1,3
45,19,3840,13,1,2,5,3,48.0,0,0,2.4,3,3,3
46,7,8926,16,1,2,9,3,257.6,1,1,2.8,1,1,3
38,1,6553,12,0,3,1,1,197.88888888888889,0,1,3.0,4,7,2
26,20,2305,12,0,3,3,0,347.09090909090907,1,0,2.2,3,3,3
37,3,9358,12,1,2,1,2,267.37142857142857,0,1,3.2,5,4,4
32,16,6162,15,0,3,14,2,384.15942028985506,1,0,2.2,2,5,3
43,14,2455,11,1,5,8,8,154.4375,0,0,3.0,2,0,3
24,29,2293,12,0,2,2,7,161.3768115942029,0,0,3.0,1,9,4
25,2,8639,16,0,3,2,8,282.3205128205128,0,0,2.6,4,2,4
32,28,9679,18,1,1,1,11,221.45283018867926,0,1,3.6,4,3,3
30,1,6118,18,2,2,10,2,145.9625,0,1,2.4,3,2,4
25,7,1118,16,1,4,1,7,27.240963855421686,0,0,2.4,2,2,3
36,13,6842,11,0,2,5,3,342.84313725490193,1,0,1.6,2,5,3
35,8,2022,21,2,3,10,8,240.52173913043478,0,0,3.0,2,1,2
32,26,6735,13,1,2,0,1,230.4673913043478,0,1,2.8,2,3,2
50,6,6347,11,0,3,18,2,206.04819277108433,1,0,2.4,1,2,1
30,3,11416,12,1,4,8,9,299.9230769230769,0,0,2.8,4,3,1
39,9,9613,12,1,5,18,4,196.6195652173913,0,1,2.8,2,1,4
46,28,5772,13,1,4,9,2,425.28205128205127,1,1,2.4,3,4,3
24,21,3567,12,2,2,6,4,88.79545454545455,0,1,3.0,2,3,4
43,17,9985,16,1,1,1,0,410.1842105263158,1,1,3.0,1,9,3
22,23,2323,16,0,6,2,0,144.8875,0,1,3.4,3,3,2
28,2,22052,13,0,3,1,2,450.0408163265306,1,0,2.8,1,1,3
40,3,25326,15,1,2,20,1,320.5822784810127,0,1,2.8,1,1,3
32,4,2690,11,0,2,10,6,62.02298850574713,0,1,2.8,2,1,4
39,7,20308,18,1,3,2,9,209.36082474226805,0,0,1.8,3,1,3
46,10,4317,14,0,2,3,7,93.84782608695652,0,0,2.6,2,3,3
32,1,4707,22,1,2,4,2,116.6,0,0,2.6,1,2,2
36,27,5810,13,2,2,10,7,176.35106382978722,0,0,2.6,2,6,3
36,9,6499,11,0,3,6,2,390.4074074074074,0,0,2.4,1,1,1
31,8,3479,12,0,2,5,0,169.45,1,0,3.2,1,1,1
39,2,2086,12,0,6,1,2,332.0892857142857,0,0,3.0,2,3,1
26,10,4306,14,2,5,0,2,216.46987951807228,0,0,3.2,1,1,3
36,10,2153,14,1,2,10,14,141.5287356321839,0,1,3.2,2,1,3
22,2,2328,12,0,2,4,2,287.4516129032258,0,0,2.2,2,3,3
34,16,2579,22,1,2,8,13,96.8,0,1,3.4,4,5,3
42,9,5087,14,0,2,0,7,383.7826086956522,0,0,2.8,3,1,3
29,6,2319,21,2,1,8,0,54.682539682539684,1,1,2.8,1,1,3
35,6,2781,14,1,5,14,1,566.3589743589744,0,1,3.0,1,1,3
32,29,2743,12,1,2,2,0,394.67857142857144,0,0,2.4,4,3,3
35,1,6004,13,1,3,2,6,162.27027027027026,0,0,3.6,1,1,3
32,2,6209,14,1,4,10,2,262.3623188405797,0,0,3.2,1,1,4
36,1,6652,15,1,2,6,8,197.55714285714285,0,0,3.0,4,2,2
40,7,2741,22,2,2,7,16,368.8,0,0,2.2,5,1,1
30,27,2141,21,1,3,6,3,524.6153846153846,0,0,1.6,2,0,3
53,2,12549,14,3,2,12,3,145.66326530612244,0,0,2.8,1,2,4
45,6,5593,11,0,2,15,0,177.4022988505747,0,0,3.0,1,1,1
46,2,6163,11,0,3,2,11,107.41836734693878,0,0,3.6,2,1,4
34,8,5063,12,0,2,8,3,124.73170731707317,0,0,2.8,2,2,3
25,24,3458,15,0,5,2,3,83.97916666666667,0,0,3.2,3,3,4
51,24,7484,16,0,1,13,2,105.78350515463917,1,0,3.0,1,1,2
42,2,6272,13,0,3,20,7,269.30434782608694,0,0,2.0,2,0,2
33,14,4673,13,1,2,3,7,64.90277777777777,0,0,3.2,1,1,3
28,4,6834,16,1,2,7,2,147.31034482758622,0,0,2.2,1,2,3
27,2,2534,20,1,4,1,2,81.37755102040816,0,0,2.8,1,8,4
50,1,2326,14,1,2,12,6,153.54945054945054,1,0,2.4,3,9,2
32,4,4998,13,0,2,8,2,252.19607843137254,0,0,2.4,1,1,1
30,2,4050,12,0,3,8,3,130.41666666666666,0,0,2.8,1,0,1
39,1,4534,13,0,6,8,7,75.68,1,0,1.6,1,6,4
34,9,5304,16,0,3,5,7,119.0,0,0,3.0,1,1,3
19,2,2121,19,0,2,1,2,427.4516129032258,0,0,2.6,1,1,3
40,6,7102,18,1,3,18,7,221.29508196721312,0,0,3.0,1,0,3
30,11,20232,11,1,5,5,2,470.51162790697674,0,1,3.2,1,7,4
35,15,3525,24,1,1,15,10,207.04615384615386,0,0,2.4,4,1,2
56,1,7346,17,2,4,7,4,298.74242424242425,0,0,2.4,2,1,3
35,3,2243,19,1,3,9,2,48.28409090909091,0,0,2.8,1,0,2
30,24,9419,16,0,2,10,0,170.71,1,1,2.8,4,4,3
36,2,4668,13,3,2,7,2,51.134020618556704,0,0,3.0,1,0,1
33,15,2008,18,1,2,1,1,486.52941176470586,0,0,3.0,2,5,4
37,8,4759,11,0,2,1,7,61.8051948051948,1,1,2.0,1,1,4
43,20,10798,17,0,5,1,0,243.17977528089887,0,0,3.2,1,0,3
21,1,22957,12,0,2,4,6,521.75,0,0,3.0,1,6,2
34,15,1102,19,0,3,1,5,377.8833333333333,0,0,2.8,1,1,3
32,1,4077,13,0,2,6,8,53.64473684210526,0,0,2.8,1,1,2
28,1,3591,17,0,3,3,1,215.80459770114942,0,0,2.6,1,1,4
52,24,4258,16,1,2,4,3,281.95180722891564,0,1,2.8,3,3,2
40,3,6513,14,0,3,5,4,502.79487179487177,0,1,3.0,3,2,3
45,17,6217,15,3,3,0,2,213.6290322580645,0,0,3.0,1,1,4
21,3,2380,11,0,2,2,2,433.66037735849056,0,0,2.8,3,2,3
38,1,2619,15,1,2,0,2,171.16304347826087,1,0,3.0,1,3,3
27,23,4478,19,1,3,5,2,456.0851063829787,0,1,2.8,2,7,3
50,13,5696,18,2,2,9,0,59.95789473684211,0,0,2.4,2,5,3
35,1,8020,22,1,2,11,8,329.6060606060606,0,1,2.6,2,1,3
37,8,4071,14,0,4,5,8,362.5348837209302,0,0,3.2,3,1,3
38,5,6077,14,0,2,6,2,88.58888888888889,0,0,3.0,1,3,3
26,1,6272,22,1,5,5,8,454.5,0,0,2.0,2,1,3
22,2,16632,12,1,6,1,2,415.8,0,0,2.6,1,9,1
34,6,22002,12,0,3,8,0,400.03636363636366,0,0,3.0,1,3,3
27,1,6142,12,1,2,5,5,137.90540540540542,0,0,2.6,1,7,3
36,7,5647,17,0,3,3,0,411.2647058823529,0,0,2.6,2,2,4
53,10,10448,19,1,2,2,1,211.60919540229884,0,1,3.2,1,1,4
30,25,2285,12,1,2,1,2,71.4,0,1,3.2,2,7,2
27,1,9571,14,0,2,7,2,154.3709677419355,1,1,2.8,1,0,3
22,21,2871,20,1,5,0,2,249.80327868852459,0,0,3.0,1,7,3
28,1,9060,17,1,2,2,3,174.23076923076923,0,0,3.4,2,4,3
23,11,3989,15,0,2,5,4,321.75471698113205,0,0,2.6,5,3,3
31,9,6410,18,1,1,2,2,127.71428571428571,0,0,2.8,1,5,3
36,6,2994,13,0,2,1,13,52.86440677966102,0,1,2.8,1,2,3
30,2,1274,17,1,2,1,9,83.13698630136986,0,1,3.0,2,1,3
37,7,2793,21,1,2,10,2,253.56565656565655,1,1,3.0,1,1,3
33,1,15397,14,0,2,6,0,190.08641975308643,0,1,3.4,3,4,3
35,3,2024,12,1,1,2,12,223.13725490196077,0,0,3.2,4,8,3
33,3,13421,22,1,2,6,7,163.67073170731706,0,0,2.8,1,1,4
29,20,6294,11,1,5,3,2,349.1267605633803,1,1,2.4,2,3,3
43,23,4081,15,3,3,20,2,268.2093023255814,1,1,2.4,3,9,3
29,27,2109,15,0,2,1,2,60.11578947368421,0,0,3.2,1,2,2
36,5,9278,22,1,3,5,2,130.3125,0,1,2.8,2,8,2
34,8,21437,19,0,0,9,2,243.60227272727272,0,0,2.8,1,0,1
28,2,2207,18,1,5,4,0,242.13888888888889,0,0,2.4,1,1,1
25,4,2889,12,1,2,2,0,145.46666666666667,0,0,3.2,1,1,2
34,2,22822,12,0,4,5,2,274.96385542168673,0,0,2.4,5,3,4
25,1,2096,13,0,2,2,0,196.87755102040816,1,1,2.6,3,9,2
42,1,4434,12,1,3,5,7,331.5593220338983,0,0,2.8,5,1,3
28,9,5829,20,0,3,9,5,109.35714285714286,0,0,2.2,2,1,1
49,27,10339,12,0,2,9,4,134.27272727272728,1,1,3.2,2,4,2
45,1,2132,12,1,3,5,5,241.55384615384617,0,0,2.2,2,6,4
34,10,21072,25,0,5,10,2,329.25,0,0,3.2,3,2,3
36,3,5237,11,1,3,7,3,397.36842105263156,0,1,3.2,1,3,2
40,13,13194,18,0,2,1,2,325.3018867924528,0,0,2.6,1,3,1
28,5,2585,16,0,5,1,11,160.40322580645162,0,0,3.4,2,8,2
34,1,7756,12,0,1,6,12,378.1190476190476,0,0,3.2,1,1,3
32,8,23814,21,1,2,3,0,432.9818181818182,0,0,2.6,2,4,3
46,10,4615,14,2,2,16,7,304.2564102564103,0,1,2.4,2,1,1
30,8,2422,17,0,2,3,0,319.5507246376812,0,1,2.8,2,2,5
28,20,2080,15,0,2,0,3,466.66,0,0,3.2,2,8,3
31,1,2689,18,1,1,4,5,81.33333333333333,0,0,2.6,2,1,4
36,8,5410,19,1,2,16,2,285.8095238095238,0,0,3.0,2,0,1
21,2,3447,12,0,2,3,0,354.5576923076923,1,0,2.8,1,1,2
26,24,2104,14,0,2,7,2,58.51020408163265,0,0,2.2,1,2,3
48,9,5486,11,2,3,2,9,166.84848484848484,0,0,2.6,2,1,3
35,5,6883,13,0,3,7,0,269.11764705882354,1,1,3.0,1,1,3
46,3,10022,19,1,3,8,2,318.97058823529414,1,1,2.6,2,0,1
39,7,6782,16,1,2,5,0,215.3953488372093,0,0,2.0,3,8,3
54,2,6992,14,1,4,9,9,184.24137931034483,0,0,3.0,5,4,2
35,10,4487,22,2,3,5,3,162.1315789473684,0,0,2.6,1,3,4
36,9,5079,19,2,3,7,2,201.30985915492957,0,0,3.4,1,2,2
56,10,2066,20,1,2,3,4,180.23469387755102,0,0,2.4,1,6,3
37,2,8346,13,0,2,3,5,108.3896103896104,0,1,3.2,2,4,1
34,1,5714,20,1,3,11,0,222.4673913043478,0,0,3.0,3,3,4
29,10,1091,20,1,3,1,2,212.0222222222222,0,0,2.4,1,1,3
46,24,5843,13,0,2,4,2,88.53030303030303,1,1,1.8,3,6,4
41,2,9355,14,0,5,8,0,132.0222222222222,1,0,3.2,1,7,3
32,9,3068,25,1,2,7,8,436.1818181818182,0,0,3.2,3,1,1
38,10,24223,14,3,2,3,0,275.2613636363636,0,1,3.2,2,2,4
58,1,2479,12,0,4,1,3,313.77777777777777,0,0,2.2,2,1,2
25,17,3669,21,1,2,3,0,96.80851063829788,0,0,3.0,1,1,2
36,16,5775,19,0,2,10,10,105.609375,0,1,3.4,2,1,4
34,9,4941,13,1,2,8,7,272.59722222222223,0,1,3.0,2,3,5
31,1,6932,12,1,2,9,9,182.38095238095238,0,0,3.0,1,1,5
38,7,5118,17,1,2,1,2,66.46753246753246,0,0,3.0,2,4,4
27,16,2517,12,1,2,5,0,115.48484848484848,0,0,2.6,1,1,1
35,2,4148,18,0,2,14,2,229.2906976744186,0,1,2.4,3,5,1
42,9,20520,20,2,2,2,3,218.29787234042553,0,0,2.4,1,1,4
35,14,5762,24,1,6,7,2,258.3076923076923,1,1,2.4,1,1,4
44,19,2342,17,3,2,5,3,311.6823529411765,0,0,2.4,2,3,3
30,2,11916,12,0,2,9,7,347.8,0,1,2.6,2,6,4
32,24,10422,14,0,3,14,2,258.94,1,1,2.6,1,5,3
38,12,5343,15,0,2,10,0,282.46666666666664,1,0,3.2,1,1,3
37,16,2115,13,2,3,17,0,76.29166666666667,0,1,3.2,1,1,2
33,6,5147,18,0,2,11,7,272.88157894736844,1,1,2.0,2,4,4
33,4,2500,12,0,2,3,2,208.66666666666666,0,0,2.2,2,1,1
45,3,4385,16,0,2,10,4,209.72727272727272,0,1,2.6,2,3,4
