Gender,BusinessTravel_Non-Travel,BusinessTravel_Travel_Rarely,BusinessTravel_Travel_Frequently,JobRole_Healthcare_Representative,JobRole_Human_Resources,JobRole_Laboratory_Technician,JobRole_Manager_Research_&_Development,JobRole_Manager_Sales,JobRole_Manager_Human_Resources,JobRole_Manufacturing_Director,JobRole_Research_Director,JobRole_Research_Scientist,JobRole_Sales_Executive,JobRole_Sales_Representative,JobSatisfaction,EnvironmentSatisfaction,JobInvolvement,RelationshipSatisfaction,WorkLifeBalance,TaxRate
0,0,1,0,0,0,0,0,0,0,0,1,0,0,0,3,2,3,3,2,0.3871716731969235
0,0,1,0,0,0,0,1,0,0,0,0,0,0,0,3,2,3,3,3,0.4114209180567393
0,0,0,1,0,0,0,0,0,0,0,0,0,1,0,4,3,3,3,3,0.7044017358958462
0,0,1,0,0,0,0,0,0,0,0,0,1,0,0,2,2,3,2,3,0.8416317754894195
1,0,1,0,0,0,1,0,0,0,0,0,0,0,0,4,3,3,3,3,0.20794685384808223
0,0,1,0,0,0,0,0,0,0,0,0,1,0,0,3,4,4,4,3,0.8559182118364237
0,0,1,0,0,0,0,0,0,0,0,0,0,0,1,2,3,3,1,3,0.5842782277274893
0,0,0,1,0,0,0,0,0,0,0,0,0,1,0,4,4,4,2,3,0.892640796497331
0,0,1,0,0,0,0,0,0,0,0,0,1,0,0,1,4,4,3,3,0.8533628779979145
0,0,1,0,0,0,0,0,0,0,1,0,0,0,0,2,2,3,4,2,0.7721497543621887
0,0,1,0,0,0,0,1,0,0,0,0,0,0,0,1,3,2,4,3,0.4534283170080142
1,0,1,0,0,0,0,0,0,0,0,0,0,1,0,2,2,2,3,3,0.4545815783199555
0,0,1,0,0,0,1,0,0,0,0,0,0,0,0,4,4,3,3,4,0.8531304856641311
0,0,1,0,0,0,0,0,0,0,0,1,0,0,0,1,4,3,2,3,0.0
1,0,1,0,1,0,0,0,0,0,0,0,0,0,0,2,4,3,4,2,0.33577063690590725
1,0,1,0,0,0,0,0,0,0,0,0,0,1,0,1,1,3,4,1,0.0
0,0,1,0,0,0,0,0,0,0,0,0,0,0,1,3,1,3,3,3,0.0
0,0,1,0,0,0,0,0,0,0,0,0,0,1,0,3,1,3,3,2,0.4813931792267026
0,1,0,0,0,0,0,0,0,0,0,0,0,0,1,2,4,3,2,3,0.5732124529592884
1,0,0,1,0,0,1,0,0,0,0,0,0,0,0,3,2,3,1,3,0.0
1,0,1,0,0,0,0,0,0,0,0,0,1,0,0,4,1,3,4,2,0.6853443811496633
0,0,1,0,0,0,0,1,0,0,0,0,0,0,0,1,4,3,3,3,0.44687929031576723
0,0,1,0,0,0,0,0,0,0,0,0,0,1,0,3,3,3,2,3,0.13020833333333334
0,0,1,0,1,0,0,0,0,0,0,0,0,0,0,2,3,2,4,3,0.03694068678459938
0,0,1,0,1,0,0,0,0,0,0,0,0,0,0,2,1,1,1,1,0.6747323042692254
1,0,1,0,0,0,0,0,0,0,0,0,1,0,0,4,3,1,4,3,0.0
1,0,0,1,0,1,0,0,0,0,0,0,0,0,0,4,2,2,4,2,0.43880398671096343
1,0,1,0,0,0,0,0,0,0,0,0,0,1,0,2,3,3,1,4,0.5840439276485788
0,0,0,1,0,0,0,1,0,0,0,0,0,0,0,1,3,2,2,4,0.44888298793511516
0,0,1,0,0,0,0,0,0,0,0,0,1,0,0,3,1,3,2,3,0.0
0,1,0,0,0,0,0,0,0,0,0,0,0,0,1,4,3,3,4,2,0.0
0,0,1,0,0,0,0,0,0,0,1,0,0,0,0,1,2,3,2,1,0.53055822906641
0,0,1,0,0,0,0,0,0,0,0,0,0,1,0,2,3,2,3,1,0.8800380454167162
0,0,0,1,0,0,0,0,0,0,0,1,0,0,0,4,3,3,4,3,0.33226655654777265
1,0,1,0,0,0,0,0,0,0,0,0,1,0,0,1,3,4,1,3,0.5827304276219046
0,0,1,0,0,0,0,0,0,0,0,0,1,0,0,3,3,3,2,2,0.7687804073554878
0,0,1,0,0,0,0,0,0,0,0,0,1,0,0,1,2,3,4,2,0.007778153533987149
0,1,0,0,0,1,0,0,0,0,0,0,0,0,0,2,3,1,2,3,0.6887563720303934
0,0,1,0,1,0,0,0,0,0,0,0,0,0,0,1,3,3,4,2,0.840540698695067
0,0,1,0,0,0,0,0,0,0,0,1,0,0,0,2,1,2,3,3,0.0
1,0,0,1,0,0,0,0,0,0,0,0,0,1,0,4,3,3,1,3,0.0
0,0,1,0,0,0,1,0,0,0,0,0,0,0,0,2,3,2,2,2,0.592683079621625
0,0,1,0,0,0,0,0,0,0,1,0,0,0,0,2,2,3,4,3,0.3894303660385532
0,0,0,1,0,0,0,0,0,0,0,0,0,1,0,1,3,2,3,2,0.0
0,1,0,0,0,0,1,0,0,0,0,0,0,0,0,1,1,3,3,4,0.3226532142613675
0,0,1,0,0,0,0,0,0,0,0,0,0,1,0,2,4,3,3,3,0.8865339422693211
0,0,1,0,0,0,1,0,0,0,0,0,0,0,0,3,4,2,2,3,0.0
1,0,1,0,0,0,0,0,0,0,1,0,0,0,0,3,4,4,3,3,0.0
1,0,1,0,0,0,1,0,0,0,0,0,0,0,0,3,2,1,2,4,0.3961427392739274
0,0,1,0,0,0,0,0,0,0,0,0,0,1,0,3,4,3,1,3,0.3201068294544067
1,0,1,0,0,0,0,1,0,0,0,0,0,0,0,3,1,2,4,3,0.8783442033808067
0,1,0,0,0,0,0,0,0,0,0,0,1,0,0,2,3,2,4,3,0.0
1,0,1,0,0,0,1,0,0,0,0,0,0,0,0,2,3,2,3,3,0.8140936311250047
1,0,1,0,0,0,1,0,0,0,0,0,0,0,0,3,4,2,1,3,0.7568250267171864
1,0,1,0,0,0,0,0,0,0,0,1,0,0,0,1,4,3,2,3,0.7080991882972081
0,0,1,0,0,0,0,0,0,0,0,0,1,0,0,3,1,1,3,2,0.8783953384132676
1,0,1,0,0,0,0,0,0,0,0,0,1,0,0,3,2,4,4,3,0.0
0,0,1,0,0,0,0,0,0,0,0,0,1,0,0,2,2,4,4,3,0.0
1,0,1,0,0,0,0,0,0,0,0,0,1,0,0,3,3,4,4,3,0.8471276112624887
0,0,1,0,0,0,0,0,0,0,0,0,0,0,1,3,1,2,3,3,0.0
0,0,1,0,0,0,0,0,0,0,0,0,0,1,0,3,1,3,1,3,0.3577664057796508
0,0,1,0,0,0,0,0,0,0,0,0,0,1,0,2,1,2,2,2,0.8555587836529149
0,0,1,0,0,0,1,0,0,0,0,0,0,0,0,1,3,3,3,3,0.8269891868241765
1,0,1,0,0,0,0,1,0,0,0,0,0,0,0,4,2,3,1,3,0.5733153418384037
0,0,0,1,0,0,1,0,0,0,0,0,0,0,0,4,4,4,4,3,0.08062394286788198
1,1,0,0,0,0,1,0,0,0,0,0,0,0,0,4,1,2,3,3,0.0
0,0,1,0,0,0,0,0,0,0,0,0,1,0,0,1,4,3,4,3,0.5211729270021261
0,0,1,0,0,1,0,0,0,0,0,0,0,0,0,2,4,3,3,3,0.36512763800571374
1,0,1,0,0,0,1,0,0,0,0,0,0,0,0,3,4,3,3,2,0.17388325568648946
0,0,1,0,0,1,0,0,0,0,0,0,0,0,0,3,3,3,3,3,0.6686917780477927
0,0,1,0,0,0,0,0,0,0,0,0,0,1,0,4,2,4,4,2,0.780827496334908
0,0,1,0,0,0,0,0,0,0,0,0,1,0,0,4,2,3,2,2,0.8240313653136532
0,0,0,1,1,0,0,0,0,0,0,0,0,0,0,3,2,3,3,3,0.16139480394183722
0,0,0,1,0,0,0,0,0,0,0,0,1,0,0,4,4,3,4,3,0.05216473072861669
0,0,1,0,0,0,0,0,0,0,0,0,0,1,0,3,1,4,2,2,0.8122946221046726
1,0,0,1,0,0,0,0,0,0,0,0,0,0,1,2,4,3,3,2,0.21316425120772947
1,0,1,0,0,0,0,0,0,0,0,0,0,1,0,2,4,3,4,2,0.5457604935963354
0,0,1,0,0,0,1,0,0,0,0,0,0,0,0,1,2,3,3,2,0.0
0,1,0,0,0,0,0,0,0,0,0,0,0,0,1,4,4,2,1,2,0.6888939636142194
0,0,1,0,0,0,0,0,0,0,0,0,0,1,0,1,1,3,1,3,0.0
1,0,0,1,0,0,0,0,0,0,0,0,0,1,0,4,3,4,3,4,0.8092020867185495
1,0,1,0,0,0,0,0,0,0,0,0,0,1,0,4,3,3,4,2,0.5584965380811078
1,0,1,0,0,0,0,0,0,0,0,1,0,0,0,3,1,3,2,4,0.7856650981292321
0,1,0,0,0,0,0,0,0,0,0,1,0,0,0,2,1,3,3,4,0.18983516483516483
0,1,0,0,0,0,0,0,0,0,0,0,0,1,0,4,4,2,2,3,0.0028321925890960587
1,0,1,0,0,0,0,0,0,0,0,0,0,1,0,1,4,3,2,3,0.0
1,0,0,1,0,0,0,0,0,0,1,0,0,0,0,1,2,3,2,3,0.2043245387819877
0,0,1,0,0,0,1,0,0,0,0,0,0,0,0,4,3,2,2,2,0.25757575757575757
0,0,1,0,0,0,1,0,0,0,0,0,0,0,0,3,4,2,2,3,0.8566194430874451
0,0,1,0,0,0,0,0,0,0,0,0,1,0,0,3,3,3,4,2,0.7174672268056891
0,1,0,0,0,0,0,0,0,0,0,1,0,0,0,4,1,3,3,3,0.6390466129671201
1,0,0,1,1,0,0,0,0,0,0,0,0,0,0,3,4,3,1,3,0.0
0,0,1,0,0,0,0,0,0,0,0,0,0,1,0,2,1,3,3,3,0.0
1,0,1,0,0,0,0,0,0,0,0,1,0,0,0,4,4,2,2,2,0.7548696648524778
0,0,0,1,0,0,1,0,0,0,0,0,0,0,0,4,4,2,2,3,0.8164815075235551
0,0,1,0,0,0,0,0,0,0,0,1,0,0,0,3,3,3,4,2,0.9035020936429388
0,0,1,0,0,0,0,0,0,0,0,0,1,0,0,4,4,2,3,3,0.8555229207718333
0,1,0,0,0,0,0,0,0,0,0,0,1,0,0,2,3,3,3,2,0.4817759363977381
0,0,1,0,1,0,0,0,0,0,0,0,0,0,0,3,1,2,4,3,0.0
0,0,1,0,0,0,0,1,0,0,0,0,0,0,0,2,2,4,2,2,0.3767539267015707
0,0,1,0,0,0,1,0,0,0,0,0,0,0,0,1,4,3,2,1,0.7799001419999084
0,0,1,0,0,0,0,0,0,0,0,0,0,1,0,4,3,3,1,4,0.33762857465807616
1,0,1,0,0,0,0,0,0,0,1,0,0,0,0,3,3,2,1,3,0.0
0,0,1,0,0,0,0,0,0,0,0,0,0,1,0,1,2,3,3,2,0.13070591169867798
0,0,1,0,0,0,0,0,0,0,0,0,1,0,0,2,2,3,3,2,0.35366113239676455
1,0,1,0,0,0,0,0,0,0,0,0,0,0,1,4,1,3,2,2,0.8497068930665049
0,0,1,0,0,0,1,0,0,0,0,0,0,0,0,3,2,2,3,2,0.5251724644062821
0,0,1,0,0,0,0,0,0,0,0,0,1,0,0,1,3,3,1,2,0.8050510640438698
1,0,1,0,0,0,0,0,0,0,0,0,1,0,0,1,1,4,3,2,0.6177884615384616
0,1,0,0,0,0,0,0,0,0,0,0,0,1,0,2,4,2,3,3,0.31250362634174644
0,1,0,0,1,0,0,0,0,0,0,0,0,0,0,3,3,3,3,2,0.10681003584229391
1,0,1,0,0,0,0,0,0,0,0,0,0,1,0,1,2,2,2,3,0.5430411146883412
1,0,1,0,0,0,0,0,0,0,0,0,1,0,0,3,3,4,1,2,0.9337236324633535
0,0,1,0,0,0,1,0,0,0,0,0,0,0,0,3,1,1,4,3,0.3965038560411311
1,0,0,1,0,1,0,0,0,0,0,0,0,0,0,3,2,3,4,2,0.0
0,0,0,1,0,0,0,0,0,0,1,0,0,0,0,2,3,3,1,3,0.12925247468426443
0,0,1,0,1,0,0,0,0,0,0,0,0,0,0,1,4,2,1,1,0.5844089238396444
0,0,1,0,0,0,0,0,0,0,0,0,0,1,0,4,4,4,4,3,0.0
0,0,1,0,0,0,0,0,0,0,0,0,0,1,0,4,3,2,4,3,0.8160488378934981
1,0,1,0,0,0,1,0,0,0,0,0,0,0,0,3,1,3,1,3,0.0
1,0,1,0,0,0,0,0,0,0,0,0,0,1,0,4,2,3,4,2,0.175284837861525
1,0,0,1,0,0,0,0,0,0,0,0,0,1,0,3,4,2,3,4,0.8369431117203564
0,0,1,0,1,0,0,0,0,0,0,0,0,0,0,1,2,1,2,3,0.8373860947490308
1,0,1,0,0,0,1,0,0,0,0,0,0,0,0,4,1,3,1,3,0.0
0,1,0,0,0,0,0,0,0,0,0,0,0,1,0,4,2,3,4,3,0.0
0,0,1,0,0,0,0,0,0,0,0,0,0,1,0,2,1,3,4,4,0.6934571890145396
0,0,1,0,0,0,0,0,0,0,0,0,0,1,0,1,3,2,3,3,0.755901287553648
0,0,1,0,0,0,1,0,0,0,0,0,0,0,0,3,3,3,1,3,0.8046665174574754
0,0,1,0,0,0,0,0,0,0,0,0,0,1,0,3,2,3,3,3,0.2705932793826036
1,0,1,0,0,0,0,0,0,0,1,0,0,0,0,1,4,3,2,3,0.0
0,1,0,0,0,0,0,0,0,0,0,0,1,0,0,4,3,2,2,3,0.5874094202898551
0,0,1,0,0,0,0,0,0,0,0,0,0,1,0,3,4,2,4,3,0.8720172652496132
0,0,0,1,0,0,0,0,0,0,1,0,0,0,0,3,3,2,3,3,0.7713344488600711
0,0,1,0,0,0,0,0,0,0,0,0,0,1,0,4,1,2,4,3,0.8584600531016172
0,0,1,0,0,1,0,0,0,0,0,0,0,0,0,4,1,3,3,3,0.3756761576413244
0,0,0,1,0,0,0,0,0,0,0,0,0,1,0,3,1,4,3,2,0.0
0,0,0,1,0,0,1,0,0,0,0,0,0,0,0,4,4,3,2,3,0.8698531375166889
1,0,1,0,0,0,0,0,0,0,0,0,1,0,0,1,4,3,2,3,0.8016480282519128
1,0,1,0,0,0,0,0,0,0,0,0,1,0,0,4,2,2,4,3,0.4206370097394051
0,0,1,0,0,0,0,0,0,0,0,0,0,1,0,1,3,3,3,3,0.1958004851425106
1,0,1,0,0,0,1,0,0,0,0,0,0,0,0,3,4,3,4,1,0.29877582249426166
1,0,1,0,0,0,0,0,0,0,0,0,0,0,1,3,4,3,1,3,0.6771245059288538
0,0,1,0,1,0,0,0,0,0,0,0,0,0,0,1,2,4,4,3,0.0
1,0,1,0,0,0,0,0,0,0,0,0,1,0,0,3,3,4,3,3,0.7737499474326086
1,0,1,0,0,0,0,0,0,0,0,0,1,0,0,4,4,3,4,3,0.7270670873266266
1,0,1,0,0,0,0,0,0,0,0,0,0,0,1,2,2,1,3,3,0.4378673957621326
1,0,1,0,0,0,0,0,0,0,0,0,1,0,0,4,3,2,1,3,0.7199621570482497
1,0,0,1,0,0,0,0,0,0,0,0,1,0,0,1,4,2,3,3,0.0
0,0,1,0,0,0,0,0,0,0,0,0,0,1,0,2,2,3,4,3,0.5609042852322573
1,0,0,1,0,0,0,0,0,0,0,1,0,0,0,3,4,2,3,3,0.33176100628930816
0,0,1,0,0,0,0,0,0,0,0,0,0,0,1,3,2,3,4,1,0.0
0,0,1,0,0,0,0,0,0,0,0,0,0,0,1,2,4,3,3,3,0.6045332957905111
0,0,1,0,0,0,0,0,0,0,0,0,1,0,0,2,3,2,4,3,0.0
0,0,1,0,0,0,1,0,0,0,0,0,0,0,0,3,1,1,3,2,0.5352339458230726
0,0,1,0,0,0,0,0,0,0,0,0,1,0,0,1,3,3,2,3,0.07968542732613228
0,0,1,0,0,0,0,0,0,0,0,0,0,1,0,4,1,3,1,2,0.0
0,0,1,0,0,0,1,0,0,0,0,0,0,0,0,4,3,3,3,1,0.7956256722839727
1,0,0,1,0,0,0,1,0,0,0,0,0,0,0,4,3,3,3,2,0.0
1,0,1,0,0,0,0,0,0,0,0,0,1,0,0,4,4,3,3,2,0.0
0,0,1,0,0,0,1,0,0,0,0,0,0,0,0,4,4,3,4,2,0.2380352644836272
1,0,0,1,0,0,0,0,0,0,0,0,1,0,0,3,4,3,3,3,0.8115635390129108
0,0,1,0,0,0,0,0,0,0,0,0,1,0,0,1,1,3,4,2,0.5421854350699034
0,0,1,0,0,0,0,0,0,0,1,0,0,0,0,4,2,3,3,3,0.7890925456181982
0,0,1,0,0,0,0,0,0,0,1,0,0,0,0,1,2,4,3,3,0.3261402648357038
1,0,1,0,0,0,0,0,0,0,0,0,1,0,0,4,1,3,2,1,0.0
0,0,0,1,0,0,0,0,0,0,0,0,0,1,0,4,4,3,3,4,0.4325479184470761
1,0,1,0,0,0,0,0,0,0,0,0,0,1,0,3,3,3,3,3,0.8145404793357237
1,0,1,0,0,0,0,0,0,0,0,0,0,1,0,2,2,3,1,3,0.26025205041008204
1,0,0,1,0,0,0,0,0,0,1,0,0,0,0,4,4,4,2,3,0.654041714226419
0,0,1,0,0,0,0,0,0,0,1,0,0,0,0,3,3,3,2,3,0.7558167619354319
1,0,0,1,0,0,0,0,0,0,0,0,0,1,0,1,3,2,1,2,0.0
0,0,1,0,0,0,0,0,0,0,0,0,0,1,0,3,2,3,2,4,0.0
0,0,1,0,0,1,0,0,0,0,0,0,0,0,0,2,3,2,4,4,0.7665002519122429
0,0,1,0,0,0,0,0,0,0,0,0,0,1,0,3,3,2,4,3,0.5048777773656293
1,1,0,0,0,0,0,0,0,0,0,0,0,1,0,4,2,3,1,1,0.5681503157246265
1,0,1,0,0,0,0,0,0,0,0,0,1,0,0,3,4,1,4,3,0.22996027109137648
0,0,1,0,0,0,0,0,0,0,0,0,1,0,0,3,1,2,4,1,0.6590582601755786
0,0,1,0,0,0,0,0,0,0,1,0,0,0,0,2,4,1,4,3,0.0
0,0,1,0,0,0,0,0,0,0,0,0,1,0,0,2,3,3,3,2,0.1702127659574468
0,0,1,0,0,0,0,0,0,0,0,1,0,0,0,2,4,3,1,3,0.0
1,0,1,0,0,0,0,0,0,0,0,0,0,0,1,1,3,2,2,3,0.0871743486973948
1,0,1,0,0,0,0,0,0,0,0,0,0,1,0,1,2,4,3,3,0.0
1,0,1,0,0,0,0,0,0,0,0,0,1,0,0,4,2,2,2,2,0.2893081761006289
0,1,0,0,0,0,0,0,0,0,0,0,1,0,0,4,2,4,4,3,0.0
0,0,1,0,0,0,1,0,0,0,0,0,0,0,0,1,2,3,2,3,0.0
1,0,1,0,0,0,1,0,0,0,0,0,0,0,0,1,2,2,4,3,0.39361798567672923
0,0,1,0,0,0,0,0,0,0,0,0,0,1,0,2,1,3,4,3,0.3977980889073536
1,0,1,0,0,0,1,0,0,0,0,0,0,0,0,1,1,3,3,3,0.0
0,0,1,0,0,0,0,0,0,0,0,0,1,0,0,2,3,2,2,4,0.0
1,0,1,0,0,0,0,0,0,0,0,0,1,0,0,3,1,2,1,1,0.6910463430485427
0,0,0,1,0,0,1,0,0,0,0,0,0,0,0,1,4,3,3,2,0.08360180412371133
0,0,1,0,0,0,1,0,0,0,0,0,0,0,0,4,3,1,2,1,0.7661224313962004
0,0,1,0,0,0,0,0,0,0,0,0,0,1,0,2,4,4,3,3,0.4692562826891185
1,0,1,0,0,0,0,0,0,0,0,0,0,1,0,2,2,3,3,3,0.0
1,0,1,0,0,0,0,0,0,0,0,0,1,0,0,2,4,3,4,2,0.36303770578863515
1,0,0,1,0,0,1,0,0,0,0,0,0,0,0,3,3,2,4,2,0.40589765828274066
1,0,1,0,0,0,0,0,0,0,1,0,0,0,0,3,4,2,4,4,0.5602507218818227
0,0,0,1,0,0,0,0,0,0,0,0,1,0,0,4,1,3,1,3,0.0
1,0,1,0,0,0,0,0,0,0,0,1,0,0,0,1,3,2,2,3,0.3300176723049735
1,0,1,0,0,0,0,0,0,0,0,0,0,1,0,1,3,4,4,2,0.7703220858895705
1,0,1,0,0,0,0,0,0,0,0,0,0,1,0,1,1,3,3,2,0.7247324613555292
0,0,1,0,0,0,0,0,1,0,0,0,0,0,0,3,4,3,2,4,0.6981981981981982
0,0,1,0,0,0,1,0,0,0,0,0,0,0,0,3,2,3,1,3,0.0
0,0,1,0,0,0,0,0,0,0,0,0,0,1,0,3,1,2,4,2,0.9105724014918113
1,0,1,0,0,0,0,0,0,0,0,0,1,0,0,1,4,3,3,3,0.010630551914955585
1,0,1,0,0,0,0,0,0,0,0,0,1,0,0,2,3,3,4,3,0.19085714285714286
1,0,1,0,0,0,0,0,0,0,0,0,1,0,0,1,2,3,4,3,0.39557805007991476
0,0,1,0,0,0,0,0,0,0,0,0,1,0,0,3,4,3,4,2,0.8557299378146284
1,0,1,0,0,0,1,0,0,0,0,0,0,0,0,3,1,3,3,2,0.0
0,0,1,0,0,0,0,0,0,0,0,0,0,0,1,2,1,2,3,3,0.1570704744357439
0,0,1,0,0,0,0,0,0,0,0,0,0,1,0,4,3,3,4,3,0.2033107599699022
1,0,1,0,1,0,0,0,0,0,0,0,0,0,0,3,1,3,2,3,0.8037100693415515
1,0,0,1,1,0,0,0,0,0,0,0,0,0,0,1,4,3,3,3,0.6406856403622251
0,0,1,0,1,0,0,0,0,0,0,0,0,0,0,2,3,2,3,3,0.4729813344333299
0,0,1,0,0,0,0,0,0,0,0,0,0,0,1,4,4,3,3,3,0.0
1,0,1,0,0,0,1,0,0,0,0,0,0,0,0,4,2,3,3,3,0.0
1,1,0,0,0,0,0,0,0,0,0,0,0,1,0,4,3,3,2,2,0.08988563259471051
0,0,1,0,0,0,1,0,0,0,0,0,0,0,0,2,1,2,1,3,0.5899441340782123
0,0,1,0,0,0,0,0,0,0,0,0,1,0,0,1,4,3,2,2,0.3699067909454061
1,0,1,0,0,0,1,0,0,0,0,0,0,0,0,4,4,3,3,3,0.0
1,0,0,1,0,0,1,0,0,0,0,0,0,0,0,3,4,3,3,3,0.48008814733196914
1,0,1,0,0,0,0,0,1,0,0,0,0,0,0,3,1,3,2,1,0.0
0,0,1,0,0,0,0,0,0,0,1,0,0,0,0,2,4,3,2,3,0.3362423322582685
0,0,1,0,0,0,0,0,0,0,0,0,0,0,1,3,4,3,4,2,0.7660700969425802
0,0,0,1,0,0,0,0,0,0,0,1,0,0,0,3,2,3,1,3,0.7913924425053612
0,0,0,1,0,0,0,0,0,0,0,0,1,0,0,1,1,3,2,3,0.6518310960510882
0,0,1,0,0,0,0,0,0,0,1,0,0,0,0,1,4,3,3,2,0.047411104179663134
1,0,1,0,0,0,0,0,0,0,1,0,0,0,0,3,4,3,2,3,0.015293442936341044
0,0,1,0,0,0,0,0,0,0,0,0,0,1,0,3,3,3,3,3,0.5514496458044256
0,0,1,0,0,0,0,0,0,0,0,0,0,1,0,4,3,3,1,3,0.8894246575342466
0,1,0,0,0,0,0,0,0,0,0,0,1,0,0,3,4,3,4,3,0.5271877403703923
1,0,1,0,0,0,0,0,0,0,0,0,0,0,1,2,2,3,4,2,0.7020434462444771
1,0,1,0,0,0,0,0,0,0,0,1,0,0,0,3,1,3,2,3,0.0
0,0,1,0,1,0,0,0,0,0,0,0,0,0,0,2,3,3,4,3,0.5718903940886699
1,0,1,0,0,0,0,0,0,0,0,1,0,0,0,1,2,3,4,2,0.8144857071003437
1,0,0,1,0,0,0,0,0,0,0,0,1,0,0,4,3,3,3,3,0.5899354264083723
0,0,1,0,0,0,0,0,0,0,1,0,0,0,0,1,3,3,3,3,0.13930756603492017
1,0,1,0,0,0,0,0,0,0,0,0,0,1,0,1,3,2,1,3,0.555619513599079
0,1,0,0,0,0,0,0,0,0,1,0,0,0,0,1,4,2,2,3,0.731962679951028
0,0,1,0,0,0,0,0,0,0,0,1,0,0,0,3,1,3,1,1,0.6730552893629432
1,0,1,0,0,0,0,0,0,0,0,0,0,1,0,2,3,3,3,3,0.7387766754692742
0,0,1,0,0,0,0,0,0,0,0,0,0,0,1,2,2,2,4,3,0.5477607007106263
1,0,1,0,0,0,0,0,0,0,1,0,0,0,0,2,3,1,2,2,0.33532934131736525
0,0,1,0,0,0,1,0,0,0,0,0,0,0,0,1,3,4,1,2,0.6580690485748695
0,0,1,0,0,0,0,0,0,0,0,0,0,0,1,1,1,2,1,3,0.6860756158608879
1,0,1,0,0,0,0,0,1,0,0,0,0,0,0,2,2,4,3,3,0.6271933984634355
0,0,1,0,0,0,0,0,0,0,0,0,0,1,0,1,1,3,4,3,0.5131438721136767
1,0,1,0,0,0,0,0,0,0,0,0,1,0,0,1,3,2,4,2,0.8518373291507955
1,0,1,0,1,0,0,0,0,0,0,0,0,0,0,4,3,3,3,1,0.36719775070290533
0,0,1,0,0,0,0,0,0,0,1,0,0,0,0,1,3,3,4,3,0.6861157542833264
0,1,0,0,0,0,0,0,0,0,0,0,0,0,1,3,2,3,1,3,0.8226088307250203
0,0,1,0,1,0,0,0,0,0,0,0,0,0,0,4,1,3,4,3,0.2725399644760213
0,0,1,0,0,0,0,0,0,0,0,0,0,0,1,2,4,2,2,4,0.0
1,1,0,0,0,0,1,0,0,0,0,0,0,0,0,3,3,4,1,1,0.7325873576756969
0,0,1,0,0,0,0,0,1,0,0,0,0,0,0,1,2,3,2,3,0.5321720583007465
0,0,1,0,0,0,1,0,0,0,0,0,0,0,0,2,1,3,3,3,0.4452887537993921
0,0,0,1,0,0,0,0,0,0,0,0,0,1,0,1,3,2,2,3,0.7560100466451382
0,0,1,0,0,0,0,0,0,0,1,0,0,0,0,4,3,2,2,2,0.8359691608184244
1,0,1,0,0,0,0,0,0,0,0,0,0,1,0,3,2,3,1,3,0.0
0,0,1,0,0,0,0,0,0,0,0,0,0,1,0,1,3,3,4,3,0.09317662974549759
0,0,1,0,0,0,1,0,0,0,0,0,0,0,0,3,1,3,3,1,0.6951456310679611
1,0,0,1,0,0,0,0,0,0,0,0,0,1,0,3,1,1,2,2,0.6866898514068922
0,0,0,1,0,0,0,0,0,0,1,0,0,0,0,1,3,3,4,3,0.0
0,0,1,0,0,0,0,0,0,0,0,0,1,0,0,3,4,3,4,4,0.46777122106218794
0,0,0,1,0,0,0,0,0,0,1,0,0,0,0,4,3,2,2,3,0.853263100287317
1,0,1,0,1,0,0,0,0,0,0,0,0,0,0,3,1,3,3,3,0.1671797300497277
0,0,1,0,0,0,1,0,0,0,0,0,0,0,0,4,4,2,2,4,0.8348720654180954
0,1,0,0,0,0,0,0,0,0,0,1,0,0,0,1,2,3,3,3,0.10596153846153847
1,0,1,0,0,0,1,0,0,0,0,0,0,0,0,4,2,3,3,1,0.0
1,0,1,0,0,0,0,0,0,0,1,0,0,0,0,3,1,2,4,2,0.40617715617715616
1,0,1,0,1,0,0,0,0,0,0,0,0,0,0,4,3,2,1,3,0.3092861655085281
0,0,1,0,0,0,0,0,0,0,0,0,1,0,0,4,3,3,1,3,0.0
1,0,1,0,0,0,0,0,0,0,0,0,1,0,0,4,3,3,3,3,0.0
0,0,1,0,0,0,0,0,0,0,0,0,1,0,0,3,3,4,4,3,0.0
0,0,0,1,0,0,0,0,0,0,0,0,1,0,0,3,3,3,4,2,0.635519726395505
1,0,1,0,0,0,1,0,0,0,0,0,0,0,0,2,3,3,3,4,0.41794621460903525
0,1,0,0,0,0,0,0,0,0,0,0,1,0,0,3,3,3,2,3,0.6842475386779184
0,0,1,0,0,0,0,0,0,0,0,0,1,0,0,4,4,3,3,3,0.12763371150729336
1,0,1,0,0,0,0,0,0,0,0,0,1,0,0,4,1,3,1,3,0.3575138504155125
1,0,1,0,0,0,0,0,0,0,1,0,0,0,0,3,1,3,4,3,0.14870086608927383
1,0,1,0,0,0,0,0,0,0,0,0,0,1,0,3,4,2,3,2,0.0
1,1,0,0,0,0,0,0,0,0,0,0,0,0,1,4,2,1,1,2,0.5692245229395047
1,0,1,0,0,0,0,0,0,0,0,0,1,0,0,1,3,3,3,3,0.0
1,0,1,0,0,0,0,0,0,0,0,0,1,0,0,3,4,3,1,3,0.7143783124261257
0,0,1,0,0,0,0,0,0,0,0,0,0,1,0,3,2,3,4,3,0.6562609610662925
0,0,1,0,0,0,0,0,0,0,0,0,1,0,0,4,4,3,2,3,0.5510601050379303
1,0,1,0,0,0,0,0,0,0,0,0,0,1,0,4,1,3,1,3,0.5984328655540307
0,0,1,0,0,0,0,0,0,0,1,0,0,0,0,4,3,3,3,3,0.7324007220216606
0,0,1,0,0,0,0,0,0,0,0,0,0,1,0,1,4,2,3,2,0.10514018691588785
0,0,1,0,0,0,0,0,0,0,0,0,1,0,0,3,3,3,3,4,0.0
0,0,1,0,0,0,1,0,0,0,0,0,0,0,0,2,3,3,2,2,0.8969477183439105
0,1,0,0,0,0,1,0,0,0,0,0,0,0,0,3,3,2,3,3,0.8479289940828403
1,0,0,1,1,0,0,0,0,0,0,0,0,0,0,3,3,3,3,3,0.7629205375665193
0,1,0,0,1,0,0,0,0,0,0,0,0,0,0,4,4,2,4,4,0.013717112660220373
0,0,1,0,1,0,0,0,0,0,0,0,0,0,0,2,4,2,4,1,0.8744987025241803
0,1,0,0,0,0,1,0,0,0,0,0,0,0,0,3,1,3,4,2,0.9153100257984165
0,0,1,0,0,0,0,0,0,0,0,0,1,0,0,1,1,2,1,1,0.0
1,0,1,0,1,0,0,0,0,0,0,0,0,0,0,3,1,2,1,3,0.8310940499040307
0,0,1,0,0,0,0,0,0,0,0,0,0,0,1,1,3,1,1,4,0.9018057077516795
0,0,1,0,0,0,0,0,0,0,0,0,1,0,0,3,3,3,3,3,0.7881950859043044
1,0,1,0,0,0,0,0,0,0,1,0,0,0,0,2,4,3,3,3,0.5970985649942391
1,0,1,0,0,0,0,0,0,0,0,0,0,1,0,1,3,4,1,3,0.44652452764777256
0,0,1,0,0,0,0,0,0,0,0,0,0,1,0,4,3,3,4,3,0.7755277368679431
0,0,1,0,0,0,1,0,0,0,0,0,0,0,0,1,1,3,1,4,0.0
0,0,1,0,0,0,0,0,0,0,0,0,1,0,0,3,4,2,1,2,0.7323781971805116
0,0,1,0,0,0,0,0,0,0,0,0,1,0,0,1,4,2,3,3,0.678125312281403
1,0,1,0,0,0,0,0,0,0,0,0,0,1,0,4,3,3,4,3,0.894009445687298
0,0,1,0,0,0,0,0,0,0,0,0,0,1,0,3,4,3,1,2,0.6436672967863895
0,0,1,0,0,0,1,0,0,0,0,0,0,0,0,4,3,4,2,2,0.7883756216808564
0,0,1,0,0,0,0,0,0,0,0,0,0,0,1,3,3,3,3,3,0.8349288168875798
0,1,0,0,0,0,0,0,0,0,0,1,0,0,0,3,3,3,4,3,0.27786658915855256
1,0,1,0,0,0,0,0,0,0,0,0,0,1,0,4,2,2,1,2,0.2561169007702764
1,0,0,1,1,0,0,0,0,0,0,0,0,0,0,3,3,3,4,3,0.8239183673469388
1,1,0,0,0,0,0,0,0,0,0,0,0,1,0,4,4,1,2,3,0.8856414280109847
0,0,1,0,0,0,0,0,0,0,0,0,0,1,0,1,3,1,3,3,0.0
0,0,1,0,0,0,0,0,0,0,0,0,0,0,1,3,3,3,3,3,0.8622431121556078
0,0,0,1,0,0,0,0,0,0,0,0,0,0,1,4,3,3,3,2,0.2652113789016199
0,1,0,0,0,0,0,0,0,0,0,0,0,1,0,3,2,3,2,2,0.2527377521613833
0,0,1,0,0,0,0,0,0,0,1,0,0,0,0,2,4,2,4,3,0.5819807883405101
1,0,0,1,0,0,0,0,0,0,0,0,0,0,1,3,3,3,4,3,0.5167933533675093
0,0,1,0,0,0,1,0,0,0,0,0,0,0,0,1,2,1,1,2,0.0
1,0,1,0,0,0,0,0,0,0,1,0,0,0,0,4,2,2,3,2,0.0
0,0,1,0,0,0,1,0,0,0,0,0,0,0,0,2,3,2,3,3,0.0
1,0,1,0,0,0,0,0,0,0,0,0,1,0,0,3,1,3,3,2,0.0
1,1,0,0,0,0,0,0,0,0,0,0,0,1,0,3,3,2,1,3,0.6386758691206544
0,0,1,0,0,0,1,0,0,0,0,0,0,0,0,3,1,2,3,1,0.8526157736684052
0,0,1,0,0,0,0,0,0,0,0,0,0,1,0,3,1,4,4,3,0.8534211279702262
1,0,1,0,0,0,0,0,0,0,0,0,1,0,0,3,1,3,3,3,0.5268386476526198
1,0,1,0,0,0,1,0,0,0,0,0,0,0,0,1,2,3,2,4,0.0
1,0,0,1,0,0,1,0,0,0,0,0,0,0,0,2,2,3,3,3,0.0
0,0,0,1,0,0,0,0,0,0,0,0,1,0,0,3,2,4,1,2,0.02077830603979574
0,0,1,0,0,0,0,0,0,0,0,0,0,1,0,1,1,3,4,2,0.5066023894361769
1,0,1,0,0,0,0,0,0,0,0,0,0,1,0,3,1,3,2,2,0.007453960830166618
0,0,1,0,0,0,0,0,0,0,0,0,0,1,0,2,1,2,2,3,0.17059940330892323
0,1,0,0,0,0,1,0,0,0,0,0,0,0,0,2,2,3,4,3,0.7037407731765295
1,0,1,0,0,0,1,0,0,0,0,0,0,0,0,4,4,3,3,3,0.5867338509829837
1,0,1,0,1,0,0,0,0,0,0,0,0,0,0,4,3,3,1,2,0.0661688446380419
0,0,1,0,0,0,0,0,0,0,0,0,0,0,1,1,3,4,4,3,0.5716970494267994
1,0,1,0,0,0,0,0,0,0,0,0,0,1,0,1,3,3,4,3,0.2090925823670164
1,0,0,1,0,0,0,0,1,0,0,0,0,0,0,1,3,2,1,4,0.5300476001586671
0,1,0,0,0,0,0,0,0,0,0,0,1,0,0,1,4,3,2,2,0.8274012870421864
0,0,1,0,0,0,0,0,0,0,0,0,1,0,0,1,4,2,1,3,0.6416415868673051
0,1,0,0,0,0,1,0,0,0,0,0,0,0,0,3,3,3,3,3,0.7729778815593177
1,0,1,0,0,0,1,0,0,0,0,0,0,0,0,3,2,3,4,3,0.43801295896328296
1,0,1,0,0,0,0,0,0,0,1,0,0,0,0,4,3,1,3,3,0.8320897027386762
0,0,1,0,0,0,0,0,0,0,0,0,1,0,0,4,1,1,4,2,0.9165622347091401
1,0,1,0,0,0,0,0,0,0,0,0,1,0,0,4,4,3,1,3,0.481569303729252
0,0,0,1,0,0,0,0,0,0,0,0,0,0,1,4,1,3,3,3,0.11067349350137849
0,0,1,0,0,0,0,0,0,0,0,0,0,0,1,2,3,2,3,3,0.4902649218001915
0,0,1,0,0,0,0,0,0,0,0,0,1,0,0,3,1,3,4,3,0.5575957184026348
0,0,1,0,0,0,0,0,1,0,0,0,0,0,0,4,3,2,3,3,0.8336154881277944
0,0,1,0,0,0,0,0,0,0,0,0,0,0,1,4,2,3,3,2,0.345652038204632
1,0,1,0,0,0,0,0,0,0,0,0,0,1,0,4,1,3,2,3,0.7915635823849579
0,0,1,0,0,0,0,0,0,0,1,0,0,0,0,2,4,2,1,3,0.0
0,0,1,0,0,0,0,0,1,0,0,0,0,0,0,4,4,3,3,2,0.0063366002027712065
1,0,1,0,0,0,0,0,0,0,0,0,0,0,1,2,4,3,1,3,0.736384389607566
0,0,1,0,1,0,0,0,0,0,0,0,0,0,0,3,2,2,3,3,0.7095143378087188
1,0,1,0,0,0,0,0,0,0,1,0,0,0,0,4,4,2,1,1,0.4580068943904732
0,1,0,0,0,0,0,0,0,0,0,0,1,0,0,2,4,3,4,2,0.6302873748789151
1,0,1,0,0,0,1,0,0,0,0,0,0,0,0,4,4,3,3,4,0.8082362082362082
1,0,1,0,0,0,0,0,0,0,0,0,1,0,0,4,4,3,1,2,0.33731679819616683
0,0,1,0,0,0,0,0,0,0,0,0,1,0,0,3,4,4,4,2,0.6064407243534188
1,0,1,0,0,1,0,0,0,0,0,0,0,0,0,2,3,3,3,4,0.022588794768910684
1,0,1,0,0,0,0,0,0,0,0,0,1,0,0,4,4,3,4,3,0.5635160046924753
1,0,1,0,0,0,0,0,0,0,0,0,0,1,0,4,1,3,3,3,0.8772479240806643
0,0,1,0,0,0,0,0,0,0,0,0,1,0,0,1,4,2,2,1,0.36369087774529646
0,0,1,0,0,0,0,0,0,0,0,0,1,0,0,4,4,3,3,2,0.8716432321525557
1,0,1,0,0,0,0,0,0,0,0,0,0,1,0,2,4,2,2,3,0.514268877851671
0,0,1,0,0,0,1,0,0,0,0,0,0,0,0,3,3,3,3,3,0.0
0,0,0,1,0,0,0,0,0,0,0,1,0,0,0,2,1,3,3,3,0.8266096839336872
1,0,1,0,0,0,0,0,0,0,0,0,0,1,0,1,3,3,2,2,0.8747355628572715
1,0,1,0,0,0,0,1,0,0,0,0,0,0,0,1,4,3,4,3,0.3598754658238596
0,0,1,0,0,0,0,0,0,0,0,0,1,0,0,3,4,3,2,3,0.0
1,0,1,0,0,1,0,0,0,0,0,0,0,0,0,2,4,4,4,3,0.0
1,0,1,0,0,0,0,0,0,0,0,0,1,0,0,1,3,2,1,3,0.7919007944196861
1,0,1,0,0,0,1,0,0,0,0,0,0,0,0,1,4,2,1,3,0.0
1,1,0,0,0,0,0,0,0,0,0,0,0,1,0,1,3,3,4,3,0.0
0,0,1,0,0,1,0,0,0,0,0,0,0,0,0,2,3,4,3,1,0.8582085575744658
1,0,1,0,0,0,0,0,0,0,0,0,1,0,0,3,4,2,3,3,0.4311949685534591
1,0,1,0,0,0,0,0,0,0,0,0,0,1,0,4,3,2,3,3,0.4625962120556949
1,0,1,0,0,0,0,0,0,0,0,0,0,0,1,3,3,3,4,3,0.0
0,0,1,0,1,0,0,0,0,0,0,0,0,0,0,2,4,3,3,3,0.6070589520843578
0,0,1,0,0,0,0,0,0,0,0,0,1,0,0,4,2,4,4,3,0.7752755150934355
1,0,1,0,0,0,0,0,0,0,0,0,0,0,1,1,3,3,3,3,0.6176490265605138
1,0,1,0,0,0,0,0,0,0,1,0,0,0,0,4,4,3,3,2,0.7790481943305864
1,0,1,0,0,0,0,0,0,0,0,0,0,1,0,4,3,2,3,3,0.6020246279368437
1,0,1,0,0,0,1,0,0,0,0,0,0,0,0,2,3,3,3,3,0.011872638963842417
1,1,0,0,0,0,0,0,0,0,0,0,1,0,0,2,2,3,1,3,0.0
0,0,1,0,0,0,0,0,0,0,0,0,1,0,0,1,4,3,4,3,0.6661545847335574
1,0,1,0,0,0,0,0,0,0,1,0,0,0,0,4,4,3,4,2,0.7700729927007299
1,0,1,0,0,0,1,0,0,0,0,0,0,0,0,2,4,4,3,3,0.34449188727583263
0,0,1,0,1,0,0,0,0,0,0,0,0,0,0,4,3,2,3,3,0.8597635548308195
0,0,1,0,0,0,0,0,0,0,0,0,0,1,0,4,2,3,3,3,0.323062558356676
0,0,1,0,0,0,1,0,0,0,0,0,0,0,0,3,3,3,3,3,0.8096362008627004
0,0,1,0,0,0,0,0,0,0,0,0,0,1,0,3,2,2,1,3,0.048184818481848184
0,0,1,0,1,0,0,0,0,0,0,0,0,0,0,4,4,3,4,4,0.8481250980597249
0,0,1,0,0,0,0,0,0,0,1,0,0,0,0,2,2,4,2,3,0.0
0,0,1,0,0,0,0,0,0,0,0,0,1,0,0,3,2,4,1,3,0.8137394397510005
0,0,1,0,0,0,1,0,0,0,0,0,0,0,0,2,3,3,3,3,0.05517076665870552
0,0,1,0,0,1,0,0,0,0,0,0,0,0,0,2,2,3,1,3,0.0
0,0,1,0,0,1,0,0,0,0,0,0,0,0,0,1,1,2,4,3,0.18055115616091225
0,0,1,0,0,0,0,0,0,0,0,0,0,1,0,1,2,3,3,1,0.7056984016678248
0,0,1,0,0,0,0,0,0,0,0,1,0,0,0,3,3,4,3,3,0.8005031818854521
1,0,1,0,0,0,0,0,0,0,0,0,1,0,0,2,4,4,1,2,0.7414460942543577
1,0,0,1,0,0,0,0,0,0,0,0,0,1,0,1,4,1,4,3,0.0
1,0,0,1,0,0,1,0,0,0,0,0,0,0,0,1,3,2,3,2,0.0
1,0,1,0,0,0,0,0,0,0,1,0,0,0,0,2,4,2,4,3,0.7745796241345203
0,0,1,0,0,1,0,0,0,0,0,0,0,0,0,4,3,3,2,3,0.0577472841623785
1,0,0,1,0,0,0,0,0,0,0,0,1,0,0,4,2,1,4,3,0.7048418909461093
1,0,1,0,0,0,1,0,0,0,0,0,0,0,0,3,3,2,3,3,0.4754080403110965
0,0,1,0,0,0,1,0,0,0,0,0,0,0,0,3,2,3,1,3,0.7704367949088805
0,0,1,0,0,0,1,0,0,0,0,0,0,0,0,1,1,3,4,3,0.0
0,1,0,0,0,0,0,0,0,0,0,0,1,0,0,1,4,3,4,3,0.6720252997759916
0,1,0,0,0,0,0,0,0,0,0,0,0,0,1,2,2,2,2,3,0.7087771859742565
0,0,1,0,0,0,1,0,0,0,0,0,0,0,0,2,2,3,4,3,0.0
0,0,1,0,0,0,0,0,0,0,1,0,0,0,0,3,3,3,3,2,0.0
1,0,0,1,0,1,0,0,0,0,0,0,0,0,0,3,1,2,2,4,0.8272105302297911
0,0,0,1,0,0,1,0,0,0,0,0,0,0,0,4,4,3,3,2,0.7120661157024794
1,0,1,0,0,0,0,0,0,0,0,0,0,1,0,1,3,2,4,4,0.4388560157790927
0,1,0,0,0,0,0,0,0,0,1,0,0,0,0,2,2,2,3,3,0.012702741495622219
0,1,0,0,0,0,0,0,0,0,1,0,0,0,0,1,3,1,3,3,0.17780401416765054
0,0,1,0,0,0,0,0,0,0,0,0,1,0,0,4,3,3,3,2,0.4406697009102731
1,0,0,1,0,0,0,0,0,0,0,0,0,1,0,1,2,3,4,1,0.7168701095461659
1,0,1,0,0,0,1,0,0,0,0,0,0,0,0,4,3,3,3,1,0.6856742968079823
0,0,1,0,0,0,0,0,0,0,1,0,0,0,0,1,3,3,3,3,0.0
1,0,1,0,0,0,0,0,0,0,0,0,1,0,0,3,1,3,2,3,0.7991160412514082
1,0,1,0,0,0,1,0,0,0,0,0,0,0,0,4,3,4,4,3,0.0
0,0,1,0,0,0,0,0,0,0,0,0,0,1,0,3,4,3,4,4,0.48064243448858834
0,0,1,0,0,0,0,0,0,0,0,0,1,0,0,3,3,3,4,3,0.43388704318936877
1,0,1,0,0,0,0,0,0,0,0,0,0,1,0,1,1,2,1,3,0.8443837430676269
0,1,0,0,0,0,0,0,0,0,0,0,0,1,0,4,2,3,1,2,0.8492102665350444
0,0,1,0,0,0,1,0,0,0,0,0,0,0,0,4,4,3,4,3,0.06384086648614871
0,0,0,1,0,0,0,0,0,0,1,0,0,0,0,2,3,3,4,3,0.6439301042305334
1,0,1,0,0,0,1,0,0,0,0,0,0,0,0,4,1,1,1,3,0.030436376971030438
1,0,0,1,0,1,0,0,0,0,0,0,0,0,0,4,1,3,4,3,0.24811760487629975
0,0,1,0,1,0,0,0,0,0,0,0,0,0,0,1,4,2,1,3,0.0
0,0,1,0,0,0,0,0,0,0,0,0,0,1,0,3,3,2,1,3,0.4475296039199673
1,0,1,0,0,0,1,0,0,0,0,0,0,0,0,3,4,3,4,3,0.7864797416324134
1,0,0,1,0,0,0,0,1,0,0,0,0,0,0,2,3,1,2,2,0.7260466047940175
1,0,1,0,0,0,0,0,0,0,1,0,0,0,0,2,4,3,1,3,0.853578283520702
0,0,1,0,0,0,0,0,0,0,0,0,0,1,0,4,4,3,4,3,0.21142377935147225
0,0,1,0,0,0,1,0,0,0,0,0,0,0,0,1,1,3,2,3,0.18659329664832416
1,0,1,0,0,0,0,0,0,0,1,0,0,0,0,2,3,2,2,4,0.6708699203594037
0,0,1,0,1,0,0,0,0,0,0,0,0,0,0,3,3,3,4,4,0.8267057005773766
1,0,1,0,1,0,0,0,0,0,0,0,0,0,0,2,3,4,1,3,0.7279400823371857
0,0,1,0,0,0,0,0,0,0,0,0,1,0,0,4,2,3,3,2,0.0
0,0,1,0,0,0,0,0,0,0,1,0,0,0,0,2,1,3,3,3,0.40730717185385656
0,0,1,0,1,0,0,0,0,0,0,0,0,0,0,3,1,3,4,2,0.0947198710197501
1,0,1,0,1,0,0,0,0,0,0,0,0,0,0,3,4,3,2,3,0.864523322802453
0,0,1,0,0,0,0,0,0,0,1,0,0,0,0,1,3,3,3,2,0.0
0,0,0,1,0,0,0,0,1,0,0,0,0,0,0,3,1,3,3,2,0.18591347872720773
1,1,0,0,0,1,0,0,0,0,0,0,0,0,0,1,4,4,1,4,0.8421994089282937
1,1,0,0,0,0,0,0,0,0,0,0,0,1,0,2,3,3,1,2,0.8627116163340977
0,0,0,1,0,0,0,0,0,0,0,0,0,0,1,2,2,3,4,3,0.4106764168190128
1,0,1,0,0,0,1,0,0,0,0,0,0,0,0,4,4,2,3,2,0.7998499812476559
0,0,1,0,0,0,0,0,0,0,0,0,0,1,0,4,3,2,4,3,0.5004851425106125
0,0,0,1,0,0,1,0,0,0,0,0,0,0,0,4,2,3,1,3,0.6611709723484357
1,0,1,0,0,0,0,0,0,0,0,0,1,0,0,2,1,2,2,4,0.040013012361743656
1,0,1,0,0,0,0,0,0,0,0,1,0,0,0,4,4,3,3,2,0.4515380150899594
0,0,0,1,0,1,0,0,0,0,0,0,0,0,0,3,2,3,4,3,0.0
0,0,1,0,0,0,0,0,0,0,0,0,1,0,0,3,4,3,2,3,0.653886633588934
0,0,0,1,0,0,0,0,0,0,0,0,0,1,0,2,2,3,2,4,0.528359484706026
0,0,1,0,0,0,0,0,0,0,0,0,0,1,0,3,4,3,4,3,0.7817435738618768
0,0,0,1,0,0,0,0,0,0,0,0,0,1,0,2,1,2,2,2,0.10727056019070322
0,1,0,0,0,0,0,0,0,0,1,0,0,0,0,3,4,3,1,1,0.6726369189357077
0,0,1,0,0,0,0,0,0,0,0,0,0,1,0,3,1,3,3,3,0.8988206083178151
0,0,1,0,0,0,0,0,0,0,0,0,0,1,0,4,2,3,3,2,0.7770810810810811
0,0,1,0,0,0,1,0,0,0,0,0,0,0,0,3,4,3,4,1,0.721987951807229
0,0,1,0,0,0,1,0,0,0,0,0,0,0,0,3,1,4,2,2,0.0
1,0,1,0,0,0,0,0,1,0,0,0,0,0,0,4,2,3,3,1,0.17132132132132133
1,0,1,0,0,0,0,0,0,0,1,0,0,0,0,4,1,3,2,3,0.3226697687945325
0,0,0,1,0,0,0,0,1,0,0,0,0,0,0,4,3,3,4,4,0.8238945316507643
1,1,0,0,0,0,1,0,0,0,0,0,0,0,0,4,4,3,2,4,0.18840324286217836
0,0,1,0,0,0,0,0,0,0,0,0,0,1,0,4,4,3,4,3,0.0
0,0,0,1,0,0,0,0,0,0,0,0,1,0,0,2,2,3,1,3,0.03673643741990602
1,1,0,0,0,0,0,0,0,0,0,0,1,0,0,4,3,3,2,1,0.3121208209629534
1,0,1,0,0,0,0,0,0,0,0,0,1,0,0,3,2,3,2,3,0.4829928334581239
0,0,0,1,0,0,0,0,0,0,0,0,0,0,1,2,2,3,4,3,0.25684380032206117
0,0,1,0,0,0,0,0,0,0,0,0,0,1,0,3,1,3,1,3,0.8863021989106314
0,0,1,0,0,0,0,0,0,0,1,0,0,0,0,1,2,3,4,3,0.4602346805736636
1,0,1,0,0,0,0,0,0,0,0,0,1,0,0,2,3,2,4,3,0.19346316425120774
0,0,1,0,0,0,0,0,0,0,0,0,0,1,0,1,4,2,3,3,0.6339990710636322
0,0,0,1,0,0,0,0,0,0,0,0,1,0,0,3,3,3,4,3,0.0
0,0,0,1,0,0,0,0,0,0,0,0,1,0,0,2,1,3,4,3,0.8959083469721768
1,0,1,0,0,0,1,0,0,0,0,0,0,0,0,4,3,3,4,3,0.0
1,0,1,0,0,0,0,0,0,0,0,0,0,1,0,4,2,4,2,2,0.0
0,0,1,0,0,0,0,0,0,0,0,1,0,0,0,3,1,4,3,3,0.8447160953140225
1,0,0,1,0,0,0,0,0,0,0,0,0,0,1,1,1,2,1,2,0.4424300531683082
0,0,1,0,0,0,0,0,0,0,1,0,0,0,0,4,4,1,1,2,0.6709374135865057
0,0,1,0,0,0,0,0,0,0,1,0,0,0,0,3,3,3,2,3,0.0
1,0,1,0,0,0,0,0,0,0,0,0,1,0,0,2,1,2,4,3,0.8607237645869318
0,0,1,0,0,0,0,0,1,0,0,0,0,0,0,2,4,2,3,3,0.0
0,0,0,1,0,0,0,0,0,0,0,0,1,0,0,4,2,3,3,3,0.0
0,0,1,0,0,0,0,0,0,0,0,0,1,0,0,2,4,2,4,4,0.38883401777823984
0,0,1,0,0,0,0,0,0,0,0,0,0,1,0,4,4,2,3,3,0.0
0,0,0,1,0,0,1,0,0,0,0,0,0,0,0,2,4,3,1,1,0.3996795442406979
1,0,1,0,0,0,1,0,0,0,0,0,0,0,0,3,4,3,1,3,0.8594003064127818
0,0,1,0,0,0,1,0,0,0,0,0,0,0,0,2,1,2,4,3,0.035888671875
0,0,0,1,1,0,0,0,0,0,0,0,0,0,0,1,2,3,3,3,0.0
0,1,0,0,0,0,1,0,0,0,0,0,0,0,0,2,4,3,1,3,0.8818606148398519
1,0,1,0,0,0,1,0,0,0,0,0,0,0,0,2,3,2,2,4,0.1189413988657845
0,0,1,0,0,0,0,0,0,0,0,0,1,0,0,4,3,3,2,2,0.06634753470560077
0,0,1,0,0,1,0,0,0,0,0,0,0,0,0,3,3,3,1,4,0.25395385014259786
1,0,1,0,0,0,0,0,0,0,0,1,0,0,0,3,2,2,3,3,0.8336894917773855
1,0,1,0,0,0,0,0,0,0,0,1,0,0,0,1,1,4,1,3,0.8710597492008851
1,0,0,1,1,0,0,0,0,0,0,0,0,0,0,3,4,1,4,3,0.7798428705440901
0,1,0,0,0,0,0,0,0,0,0,1,0,0,0,2,4,4,2,2,0.8161809350333941
0,0,0,1,0,0,0,0,0,0,0,0,0,1,0,3,1,3,3,2,0.3456151691445809
1,0,1,0,0,0,0,0,0,0,0,0,1,0,0,4,2,1,2,3,0.0
1,0,1,0,1,0,0,0,0,0,0,0,0,0,0,4,1,3,4,4,0.804435730915329
0,0,1,0,0,0,1,0,0,0,0,0,0,0,0,2,4,4,3,2,0.0
0,0,1,0,0,0,1,0,0,0,0,0,0,0,0,1,3,1,1,3,0.863095491960592
1,0,1,0,0,0,0,0,0,1,0,0,0,0,0,2,3,3,2,3,0.8127132135546964
0,1,0,0,0,0,0,0,0,0,0,0,1,0,0,3,1,4,1,3,0.4306045175610393
0,1,0,0,0,0,0,0,0,0,0,0,0,1,0,3,3,2,1,3,0.6657937806873977
0,0,1,0,0,0,0,0,0,0,0,0,1,0,0,2,4,3,3,3,0.8428512311193875
0,0,1,0,0,0,0,0,0,0,1,0,0,0,0,2,3,4,1,3,0.522687189353856
1,0,1,0,0,0,0,0,0,0,0,0,1,0,0,3,1,2,3,3,0.0
0,0,1,0,0,0,0,0,0,0,0,0,0,1,0,4,4,3,3,4,0.0
0,1,0,0,0,0,0,0,0,0,0,0,1,0,0,3,3,3,3,2,0.0
1,0,0,1,0,0,0,0,0,0,0,0,1,0,0,4,1,3,1,3,0.5064695009242144
1,0,1,0,0,0,0,0,0,0,0,0,1,0,0,4,1,3,1,3,0.6365407089988313
0,0,1,0,0,0,0,0,0,0,0,0,0,1,0,3,4,3,1,2,0.7975025312183598
0,0,1,0,0,0,0,0,0,0,1,0,0,0,0,3,1,3,2,3,0.7687502768794577
1,0,1,0,0,0,0,0,0,0,1,0,0,0,0,4,4,3,3,3,0.37822089169250506
0,0,0,1,0,0,1,0,0,0,0,0,0,0,0,3,4,3,4,2,0.9008251833740831
0,0,1,0,0,0,0,0,0,0,0,0,0,1,0,2,3,2,3,3,0.8185981843461192
0,0,1,0,1,0,0,0,0,0,0,0,0,0,0,4,2,4,3,2,0.6583088273229118
1,0,1,0,0,0,1,0,0,0,0,0,0,0,0,1,3,2,1,3,0.43034243606415257
0,0,1,0,0,0,0,0,0,0,0,0,1,0,0,3,1,2,3,3,0.8695488012082311
0,0,1,0,0,0,0,0,0,0,0,0,0,1,0,4,3,3,1,3,0.0
0,0,1,0,0,0,0,0,1,0,0,0,0,0,0,2,4,3,2,3,0.35065425264217415
1,0,0,1,0,0,1,0,0,0,0,0,0,0,0,2,2,4,4,3,0.34017745838527536
0,0,1,0,1,0,0,0,0,0,0,0,0,0,0,2,2,4,1,1,0.6922730199613651
0,0,1,0,0,1,0,0,0,0,0,0,0,0,0,4,2,3,2,3,0.714082826790888
0,0,1,0,0,1,0,0,0,0,0,0,0,0,0,3,3,3,2,1,0.7007597073719752
1,0,0,1,0,0,0,0,1,0,0,0,0,0,0,4,1,1,4,3,0.9194072583765379
0,0,1,0,0,0,0,0,0,0,0,0,0,1,0,2,3,3,4,4,0.0
1,0,0,1,0,0,0,0,0,0,0,0,0,1,0,3,3,3,2,4,0.8606153063818968
0,0,1,0,0,0,0,0,0,0,0,0,0,1,0,4,1,2,3,4,0.0
0,0,1,0,0,0,0,0,0,0,0,0,1,0,0,1,3,3,4,4,0.13291614518147685
1,0,1,0,0,0,0,0,0,0,0,0,0,1,0,3,1,3,4,3,0.3038220364287847
1,1,0,0,0,0,0,0,0,0,0,0,1,0,0,3,3,3,1,3,0.7493518441080539
0,0,1,0,0,0,1,0,0,0,0,0,0,0,0,1,4,3,4,1,0.25074003134250394
1,0,1,0,0,0,0,0,0,0,0,0,0,1,0,4,4,3,4,2,0.890706353960282
0,0,1,0,0,0,0,0,0,0,1,0,0,0,0,4,4,3,1,3,0.562896650275291
0,0,0,1,0,0,0,0,0,0,0,0,0,1,0,4,1,4,4,4,0.309535295063515
1,0,1,0,0,0,0,0,0,0,1,0,0,0,0,3,3,2,3,3,0.7668817204301075
0,0,1,0,0,0,1,0,0,0,0,0,0,0,0,2,1,4,3,3,0.6148431336852964
1,0,1,0,0,0,0,0,0,0,0,0,1,0,0,3,3,2,1,3,0.7713178294573644
0,0,1,0,0,0,1,0,0,0,0,0,0,0,0,3,3,2,2,4,0.635137305283443
1,0,0,1,0,0,0,1,0,0,0,0,0,0,0,4,3,3,3,3,0.5484564450941611
0,1,0,0,0,0,0,0,0,0,1,0,0,0,0,4,4,2,2,3,0.7468928782797396
0,0,1,0,0,0,1,0,0,0,0,0,0,0,0,4,4,3,4,3,0.43035076472204414
0,1,0,0,0,0,0,0,0,0,0,0,0,0,1,4,3,3,2,3,0.8989727641127132
0,0,1,0,0,0,0,0,0,0,0,0,1,0,0,1,3,2,2,3,0.15575221238938053
1,0,1,0,0,0,0,0,0,0,0,0,1,0,0,3,3,2,4,3,0.8412837090104258
0,0,1,0,0,0,0,0,0,0,0,1,0,0,0,3,2,1,1,3,0.6774316835467227
1,0,1,0,0,0,1,0,0,0,0,0,0,0,0,3,4,3,2,3,0.6876861738692086
0,0,1,0,0,0,0,0,0,0,1,0,0,0,0,3,1,3,2,3,0.10694489729377242
0,0,1,0,0,0,0,0,0,0,1,0,0,0,0,1,4,3,4,2,0.0
0,0,1,0,0,0,0,0,0,0,0,0,0,1,0,2,2,2,2,4,0.32001642614103015
0,0,1,0,0,0,0,0,0,0,0,0,0,1,0,2,3,2,4,3,0.0
0,1,0,0,0,0,0,0,0,0,0,0,0,1,0,3,2,3,1,2,0.7188144920889704
0,0,1,0,0,0,0,0,0,0,0,0,1,0,0,4,3,2,3,2,0.0
0,0,1,0,0,0,1,0,0,0,0,0,0,0,0,1,4,2,3,3,0.0
0,0,1,0,0,0,0,0,0,0,0,1,0,0,0,4,4,3,3,3,0.8834009700089083
1,0,1,0,0,0,0,0,0,0,0,0,0,0,1,3,2,2,2,4,0.7086989861122944
1,0,1,0,0,0,0,0,0,0,0,0,0,1,0,3,4,3,4,3,0.8706161961625413
1,0,1,0,0,0,1,0,0,0,0,0,0,0,0,4,2,2,3,4,0.12082072477673629
1,0,1,0,1,0,0,0,0,0,0,0,0,0,0,3,3,3,2,3,0.4809802487198244
0,0,1,0,0,0,0,0,0,0,0,0,1,0,0,3,2,3,3,3,0.6223607367475292
1,0,1,0,0,0,1,0,0,0,0,0,0,0,0,3,2,4,4,2,0.6062805744042923
0,0,1,0,1,0,0,0,0,0,0,0,0,0,0,1,3,2,3,2,0.8232746498678216
1,0,1,0,0,0,1,0,0,0,0,0,0,0,0,4,4,1,3,3,0.8308622262773723
0,0,1,0,0,1,0,0,0,0,0,0,0,0,0,2,1,2,1,3,0.8190232677064689
0,0,1,0,0,0,0,0,0,0,1,0,0,0,0,4,4,2,4,3,0.0
1,0,0,1,0,0,1,0,0,0,0,0,0,0,0,3,1,3,2,2,0.6276406210231611
1,0,0,1,0,0,0,0,0,0,0,0,0,1,0,1,4,2,3,3,0.8799685163321527
1,0,0,1,0,0,0,0,0,0,0,0,1,0,0,2,3,2,3,3,0.47213333333333335
0,0,1,0,0,0,0,0,0,0,0,0,0,0,1,2,4,3,1,4,0.2796009135713427
0,0,1,0,0,0,0,0,0,0,0,0,0,1,0,4,3,3,4,3,0.1493449138819373
0,0,1,0,1,0,0,0,0,0,0,0,0,0,0,2,3,4,4,3,0.4581613130601148
1,0,1,0,0,0,0,0,0,0,1,0,0,0,0,2,4,2,2,2,0.5749416915585744
1,0,0,1,0,0,0,0,0,0,0,0,1,0,0,4,3,3,3,1,0.6354916067146283
1,0,1,0,0,0,0,0,0,0,0,0,0,1,0,4,3,3,3,3,0.8241095206391478
1,0,0,1,0,0,0,0,0,0,0,0,1,0,0,3,4,4,4,3,0.6658350226103228
1,0,1,0,0,0,0,0,0,0,0,0,1,0,0,3,1,3,2,3,0.7916735231199605
1,0,1,0,0,0,1,0,0,0,0,0,0,0,0,2,2,3,1,3,0.7793197278911564
0,0,1,0,0,0,0,1,0,0,0,0,0,0,0,3,1,3,1,2,0.793264787430684
1,0,1,0,0,0,0,0,0,0,0,0,1,0,0,4,4,4,4,4,0.5466717674062739
1,0,1,0,1,0,0,0,0,0,0,0,0,0,0,1,4,3,1,4,0.09106529209621993
0,0,1,0,0,0,0,0,0,0,0,0,0,1,0,1,1,3,4,3,0.5436933914793693
0,0,1,0,0,0,0,0,0,0,0,0,0,1,0,3,2,3,1,3,0.8221060861692935
0,1,0,0,0,0,1,0,0,0,0,0,0,0,0,1,1,3,2,1,0.1078167115902965
1,0,1,0,0,0,0,0,0,0,0,0,0,1,0,4,4,2,3,2,0.5297969081539861
0,0,0,1,0,0,0,0,0,0,0,0,1,0,0,2,4,3,3,2,0.749784465867231
0,0,1,0,0,0,0,0,0,0,1,0,0,0,0,4,4,3,1,1,0.0
0,1,0,0,1,0,0,0,0,0,0,0,0,0,0,1,2,2,1,2,0.6386078510724403
0,0,0,1,0,0,0,0,0,0,0,0,0,0,1,1,3,3,3,3,0.06768537564893722
0,0,0,1,0,0,1,0,0,0,0,0,0,0,0,4,1,3,3,2,0.7048989678732374
1,1,0,0,0,0,1,0,0,0,0,0,0,0,0,4,4,3,2,4,0.47936598600599745
1,0,1,0,0,0,1,0,0,0,0,0,0,0,0,2,3,3,3,2,0.48782339543304326
1,0,1,0,0,0,0,0,0,0,0,0,0,0,1,3,4,2,1,3,0.6112710818593171
1,0,1,0,0,0,0,0,0,0,0,0,1,0,0,2,2,2,2,2,0.6229259664785648
0,0,1,0,0,0,0,0,0,0,1,0,0,0,0,4,4,3,3,2,0.7640202111161138
1,1,0,0,0,0,0,0,0,0,0,0,1,0,0,1,3,3,3,3,0.3876888926833433
0,0,1,0,0,0,1,0,0,0,0,0,0,0,0,4,1,2,4,3,0.0
0,0,0,1,0,0,0,0,0,0,0,0,1,0,0,4,3,3,4,3,0.886209221513407
1,0,1,0,0,0,0,0,0,0,0,0,1,0,0,4,2,2,2,3,0.0
0,0,1,0,0,0,1,0,0,0,0,0,0,0,0,2,4,3,2,3,0.859124210055366
0,0,1,0,0,0,0,0,1,0,0,0,0,0,0,4,4,3,3,2,0.8159051330956132
1,0,0,1,0,0,0,0,0,0,1,0,0,0,0,4,2,3,4,4,0.5916638711841664
0,1,0,0,0,0,0,0,0,0,0,0,1,0,0,4,2,3,3,3,0.34182685143793773
0,0,1,0,0,0,1,0,0,0,0,0,0,0,0,4,1,3,3,1,0.8865452930728241
0,0,1,0,0,0,0,0,0,0,0,0,0,1,0,4,2,2,2,3,0.7622001654259719
1,0,1,0,0,0,1,0,0,0,0,0,0,0,0,3,4,3,2,3,0.19953178462092563
0,0,0,1,0,0,0,0,0,0,0,0,1,0,0,2,3,3,3,4,0.19962335216572505
0,1,0,0,0,0,0,0,0,0,0,0,0,1,0,4,1,3,3,3,0.0
0,0,0,1,0,0,0,0,0,0,0,0,0,1,0,1,3,3,4,3,0.48633879781420764
0,0,1,0,0,0,0,0,0,0,1,0,0,0,0,3,3,3,3,4,0.7055597107953129
0,0,1,0,0,0,0,0,0,0,0,0,0,1,0,1,3,3,4,3,0.8421638933370466
0,1,0,0,0,0,1,0,0,0,0,0,0,0,0,1,3,3,4,2,0.909900410076157
0,0,1,0,0,0,0,0,0,0,0,0,0,1,0,4,1,2,1,3,0.050715398781697126
0,0,1,0,0,0,0,0,0,0,0,0,0,1,0,4,3,3,2,4,0.72013143483023
0,0,1,0,0,0,1,0,0,0,0,0,0,0,0,2,3,2,3,3,0.0
1,0,1,0,0,0,0,0,0,0,0,0,0,0,1,2,4,3,4,3,0.6845637583892618
0,0,1,0,1,0,0,0,0,0,0,0,0,0,0,4,4,2,4,3,0.25480119015417907
0,0,1,0,1,0,0,0,0,0,0,0,0,0,0,3,4,3,3,3,0.5778527573427734
0,0,1,0,0,0,0,0,0,0,0,0,0,0,1,1,2,2,3,4,0.7303386316516931
0,0,1,0,0,0,0,0,0,0,0,0,0,1,0,4,4,3,3,3,0.5084587562711469
1,1,0,0,0,0,0,0,0,0,1,0,0,0,0,2,4,3,2,3,0.42798085291557875
0,0,0,1,0,0,1,0,0,0,0,0,0,0,0,1,3,3,3,1,0.7276968265852676
0,0,1,0,1,0,0,0,0,0,0,0,0,0,0,1,4,4,1,3,0.713129086209518
1,0,0,1,0,0,0,0,0,0,0,0,1,0,0,1,4,2,4,3,0.7182427063230786
0,0,1,0,0,0,0,0,0,0,0,0,1,0,0,3,3,3,3,3,0.7726128989537809
0,0,1,0,0,0,0,0,0,0,0,0,0,1,0,1,3,3,3,3,0.04013840830449827
0,0,1,0,1,0,0,0,0,0,0,0,0,0,0,3,2,4,2,3,0.16327268345583806
0,0,1,0,0,1,0,0,0,0,0,0,0,0,0,3,1,3,4,3,0.6436194895591647
0,0,1,0,1,0,0,0,0,0,0,0,0,0,0,3,2,3,1,2,0.0
0,0,1,0,0,0,0,0,0,0,1,0,0,0,0,1,2,3,3,3,0.480296154764748
1,0,0,1,0,0,0,0,1,0,0,0,0,0,0,4,4,3,2,4,0.20392301998519616
1,0,1,0,0,0,0,0,0,0,0,0,0,1,0,4,2,3,1,4,0.848183278909449
1,0,1,0,0,0,0,0,0,0,0,0,0,0,1,3,2,2,4,3,0.6353662011969222
0,0,1,0,0,0,0,0,0,0,0,0,1,0,0,4,3,3,2,2,0.0
0,0,1,0,0,0,0,0,0,0,0,0,1,0,0,4,4,3,2,3,0.5386322372402663
1,0,1,0,0,0,1,0,0,0,0,0,0,0,0,4,2,1,1,3,0.31994141033689055
1,0,1,0,0,0,0,0,0,0,0,1,0,0,0,2,1,3,1,2,0.42779211637728765
0,0,0,1,0,0,0,0,0,0,0,0,0,1,0,4,2,3,3,3,0.5264890927265243
1,0,1,0,0,0,0,0,0,0,0,0,0,1,0,4,4,3,4,3,0.8346984363365599
1,0,1,0,0,0,0,0,0,0,0,0,1,0,0,3,1,4,4,3,0.0
0,0,1,0,0,0,0,0,0,0,0,1,0,0,0,3,3,3,4,4,0.7854587420657819
0,0,1,0,0,0,0,0,0,0,0,0,1,0,0,4,2,4,2,3,0.8586685159500693
0,0,1,0,0,0,0,0,0,0,0,0,1,0,0,2,1,4,4,2,0.7183285723775992
0,0,0,1,0,0,0,0,0,0,0,0,0,0,1,3,2,3,2,3,0.13972507395162695
1,0,1,0,0,0,0,0,0,0,0,0,0,0,1,2,1,3,2,3,0.6083196795922082
1,0,1,0,0,0,0,0,0,0,1,0,0,0,0,3,4,3,2,3,0.34192037470725994
0,0,1,0,0,0,0,1,0,0,0,0,0,0,0,1,4,3,3,3,0.5580611169652265
0,0,1,0,0,0,0,0,0,0,0,0,1,0,0,1,4,3,3,3,0.7233520336605891
0,0,1,0,0,0,1,0,0,0,0,0,0,0,0,2,2,4,3,1,0.0
0,0,1,0,0,0,1,0,0,0,0,0,0,0,0,4,4,2,2,3,0.633321040014752
1,0,1,0,0,0,0,0,0,0,0,0,1,0,0,3,4,2,4,3,0.8523394774154345
0,0,1,0,0,0,0,1,0,0,0,0,0,0,0,3,2,3,3,3,0.7122290607439122
1,0,0,1,0,0,0,0,0,0,0,0,0,0,1,3,2,1,2,3,0.6672031694936239
0,0,1,0,1,0,0,0,0,0,0,0,0,0,0,3,4,3,3,3,0.8107729975515915
0,0,1,0,1,0,0,0,0,0,0,0,0,0,0,3,3,3,2,3,0.48104122780619923
0,0,1,0,0,0,0,0,0,0,1,0,0,0,0,3,4,4,2,2,0.0
0,0,1,0,0,0,0,0,0,0,0,0,0,1,0,4,3,2,1,3,0.0
0,0,0,1,0,0,0,0,0,0,0,0,1,0,0,3,2,2,4,3,0.1764992686494393
1,0,1,0,0,0,0,0,0,0,0,1,0,0,0,4,2,3,3,3,0.5717979315831344
0,0,0,1,0,0,0,0,0,0,0,0,0,1,0,4,3,2,1,2,0.6732927970065482
0,0,0,1,0,0,0,0,0,0,0,0,1,0,0,1,3,2,3,3,0.5802124833997344
0,0,1,0,0,0,0,0,0,0,1,0,0,0,0,3,3,3,3,3,0.38578498171125297
0,0,0,1,0,0,0,0,0,0,1,0,0,0,0,4,1,1,4,3,0.8359045725646124
0,0,1,0,0,0,1,0,0,0,0,0,0,0,0,4,1,3,4,3,0.8731202118603991
1,0,0,1,0,0,1,0,0,0,0,0,0,0,0,1,3,3,4,2,0.7912406117093476
1,0,1,0,0,0,1,0,0,0,0,0,0,0,0,3,3,1,3,3,0.6633648943918427
1,0,1,0,0,0,0,0,0,0,0,0,1,0,0,2,4,3,4,3,0.0
0,0,1,0,0,0,0,0,0,0,0,0,0,1,0,2,2,2,1,3,0.7265909090909091
0,0,1,0,0,0,1,0,0,0,0,0,0,0,0,1,1,2,1,3,0.6387218382550938
0,0,1,0,0,0,0,0,0,0,0,0,1,0,0,4,2,3,4,3,0.6794634254798785
0,0,1,0,0,0,0,0,0,0,0,0,1,0,0,3,4,3,1,2,0.4234169222442721
0,1,0,0,1,0,0,0,0,0,0,0,0,0,0,3,4,4,4,4,0.7334778837814397
1,0,1,0,0,1,0,0,0,0,0,0,0,0,0,3,4,1,3,3,0.07302546396201985
0,1,0,0,0,0,0,0,0,0,0,0,0,1,0,4,4,3,3,2,0.9101657884590669
1,0,0,1,0,0,1,0,0,0,0,0,0,0,0,4,3,3,4,2,0.7082988455674145
1,0,0,1,0,0,1,0,0,0,0,0,0,0,0,1,1,2,2,4,0.6319771840987137
0,0,1,0,1,0,0,0,0,0,0,0,0,0,0,3,3,3,4,3,0.7331655883057753
1,0,1,0,1,0,0,0,0,0,0,0,0,0,0,2,3,3,4,3,0.5822419304939672
0,0,1,0,0,0,0,0,1,0,0,0,0,0,0,1,4,4,2,1,0.14607097591888465
0,0,1,0,0,0,0,0,0,0,0,0,0,1,0,3,1,4,2,2,0.0
0,0,1,0,0,0,0,0,0,0,1,0,0,0,0,4,4,2,2,2,0.45085834755546633
0,1,0,0,0,0,1,0,0,0,0,0,0,0,0,3,4,4,3,3,0.5154320987654321
1,0,1,0,0,0,0,0,0,0,1,0,0,0,0,1,4,4,3,3,0.8500571428571428
0,0,1,0,0,0,1,0,0,0,0,0,0,0,0,4,4,2,4,2,0.22855648535564854
0,1,0,0,1,0,0,0,0,0,0,0,0,0,0,2,2,3,4,3,0.757995039812035
0,0,1,0,0,0,0,0,0,0,0,0,0,1,0,4,2,2,1,2,0.6200153107383951
1,0,1,0,0,0,0,0,1,0,0,0,0,0,0,3,4,3,4,3,0.803406706037386
0,0,1,0,0,0,0,0,0,0,0,0,0,1,0,3,4,2,4,3,0.7594401041666666
0,0,0,1,0,0,0,0,0,0,1,0,0,0,0,4,3,3,4,3,0.88207136640557
0,0,1,0,0,0,1,0,0,0,0,0,0,0,0,4,3,2,1,2,0.0
0,0,0,1,0,0,0,0,0,0,0,0,1,0,0,1,4,4,2,3,0.6171823568136933
1,0,1,0,0,0,1,0,0,0,0,0,0,0,0,3,2,3,3,3,0.536869340232859
0,0,1,0,0,0,0,0,0,0,0,0,1,0,0,4,4,4,1,3,0.0
1,1,0,0,0,0,0,1,0,0,0,0,0,0,0,4,4,2,4,3,0.8002807070783704
0,0,1,0,0,0,0,0,0,0,0,0,1,0,0,4,3,3,3,3,0.6265138990349495
0,0,1,0,0,0,0,0,0,0,0,0,1,0,0,3,1,3,3,2,0.9039732329569218
0,0,1,0,0,0,1,0,0,0,0,0,0,0,0,4,4,3,4,3,0.812994093593821
0,0,1,0,0,0,0,0,0,0,0,0,1,0,0,1,2,3,3,3,0.7612710917123543
0,0,1,0,0,0,0,0,0,0,0,0,0,1,0,1,4,3,4,3,0.0
0,0,1,0,0,0,0,0,0,0,0,1,0,0,0,4,4,3,1,3,0.7280395331004516
0,0,1,0,1,0,0,0,0,0,0,0,0,0,0,2,1,3,1,3,0.0
0,0,1,0,0,0,0,0,1,0,0,0,0,0,0,2,1,1,1,3,0.41820303383897317
1,0,0,1,0,0,0,0,0,0,0,0,1,0,0,3,1,3,1,2,0.8350806451612903
1,0,1,0,0,0,0,0,0,0,0,0,1,0,0,4,1,3,3,3,0.5135323498664188
0,0,1,0,0,0,1,0,0,0,0,0,0,0,0,4,3,2,4,2,0.2860106314015299
0,0,0,1,0,0,0,1,0,0,0,0,0,0,0,4,1,4,3,2,0.6699269530766374
0,0,1,0,0,0,0,0,0,0,1,0,0,0,0,3,1,2,4,3,0.0
1,0,1,0,0,0,0,0,0,0,0,0,0,1,0,2,3,3,3,3,0.8469878171454118
1,0,1,0,0,0,0,0,0,0,0,0,0,1,0,3,1,1,3,3,0.28304261823413057
1,0,1,0,0,0,0,0,0,0,0,0,1,0,0,2,4,3,3,2,0.755411664618584
1,0,1,0,0,0,0,0,0,0,0,0,0,1,0,3,4,1,3,1,0.0
1,0,1,0,0,0,1,0,0,0,0,0,0,0,0,3,1,3,4,3,0.3699887069452287
0,0,1,0,1,0,0,0,0,0,0,0,0,0,0,3,3,2,4,3,0.6320606400898372
0,0,1,0,1,0,0,0,0,0,0,0,0,0,0,3,1,3,1,3,0.8993801292125022
0,0,1,0,0,0,0,1,0,0,0,0,0,0,0,4,4,3,1,4,0.0
1,0,1,0,0,0,0,0,0,0,0,0,0,1,0,1,1,3,3,3,0.7675331044629721
1,0,0,1,0,0,0,0,0,0,0,0,0,1,0,2,3,3,4,3,0.801295022258195
0,0,1,0,0,0,1,0,0,0,0,0,0,0,0,3,4,3,2,3,0.7940727436012573
0,0,1,0,0,0,0,0,1,0,0,0,0,0,0,4,1,2,3,3,0.6076926570092185
0,0,1,0,0,0,0,0,0,0,0,0,0,1,0,4,4,4,3,3,0.1753429326062878
1,0,1,0,0,0,0,0,0,0,0,1,0,0,0,4,1,3,1,3,0.47606405754902803
0,0,0,1,0,0,0,0,0,0,0,0,0,1,0,1,1,4,4,2,0.5055285272003538
0,0,1,0,0,0,0,0,0,0,0,0,0,1,0,2,1,3,1,1,0.608693165570489
1,0,1,0,0,0,0,0,0,0,0,0,0,1,0,3,2,4,3,3,0.9086225596529284
0,0,1,0,0,0,0,0,0,0,0,0,1,0,0,4,3,2,4,1,0.682356270339103
1,1,0,0,0,0,0,0,0,0,0,0,1,0,0,1,2,3,3,3,0.6288738159279617
1,0,1,0,0,0,0,0,1,0,0,0,0,0,0,3,1,3,4,3,0.26801744036932545
0,0,1,0,0,0,0,0,0,0,0,0,1,0,0,4,1,3,4,2,0.46857206036817955
0,0,0,1,0,0,0,0,0,0,0,0,0,1,0,1,4,2,2,3,0.6519956589895092
0,0,1,0,0,0,0,0,0,0,0,0,0,1,0,4,1,2,4,4,0.08702329152802663
1,0,1,0,0,0,0,0,0,0,0,0,1,0,0,3,3,2,4,3,0.3594020658240842
0,0,1,0,0,0,0,0,0,0,0,0,0,1,0,3,4,3,4,3,0.7995858856008973
1,0,1,0,0,0,0,0,0,0,0,0,0,0,1,3,3,2,4,2,0.0
1,0,1,0,0,0,0,0,0,0,0,0,1,0,0,3,3,2,4,2,0.0
0,0,1,0,0,0,0,0,0,0,0,0,1,0,0,3,3,3,2,3,0.5014825796886583
0,0,1,0,0,0,1,0,0,0,0,0,0,0,0,1,1,3,1,3,0.0
0,0,1,0,0,0,0,0,0,0,0,0,0,1,0,4,2,2,3,2,0.0
0,1,0,0,0,0,0,0,0,0,0,0,1,0,0,1,1,3,4,4,0.5514579759862779
0,0,1,0,1,0,0,0,0,0,0,0,0,0,0,3,3,3,2,2,0.6495143874042348
0,0,0,1,0,0,0,0,0,0,0,0,0,0,1,1,4,3,1,3,0.6917275400815862
0,0,0,1,0,0,1,0,0,0,0,0,0,0,0,3,3,3,4,3,0.7433608734139864
0,0,1,0,0,0,0,0,0,0,0,0,0,1,0,2,2,4,4,3,0.8878313706511803
0,0,1,0,0,0,0,0,0,0,0,0,0,0,1,2,4,3,4,3,0.7603383981744309
1,0,0,1,0,0,0,0,0,0,0,0,0,1,0,3,4,3,3,3,0.8251441565824738
0,0,1,0,0,1,0,0,0,0,0,0,0,0,0,1,1,2,4,3,0.8693749298619684
1,0,1,0,0,0,0,0,1,0,0,0,0,0,0,4,4,3,3,3,0.6669679752066116
0,0,1,0,1,0,0,0,0,0,0,0,0,0,0,2,4,2,2,4,0.7118500056644387
1,0,1,0,0,0,1,0,0,0,0,0,0,0,0,1,3,4,3,3,0.32685050798258347
0,0,1,0,0,0,0,0,0,0,0,0,1,0,0,3,3,2,4,3,0.8740945309670409
1,0,0,1,0,0,0,0,1,0,0,0,0,0,0,4,1,2,3,2,0.8758935842910144
1,0,1,0,0,1,0,0,0,0,0,0,0,0,0,3,3,4,4,4,0.0
0,0,1,0,0,0,1,0,0,0,0,0,0,0,0,3,2,3,4,4,0.6570181737833508
1,0,1,0,0,0,0,1,0,0,0,0,0,0,0,4,4,3,2,2,0.5189818497360619
0,0,1,0,0,0,0,0,0,0,0,1,0,0,0,3,2,1,2,3,0.8648688621573654
0,0,1,0,0,0,0,0,0,0,1,0,0,0,0,1,2,1,2,2,0.8953567937438905
1,0,1,0,0,0,0,0,0,0,0,0,1,0,0,3,3,3,2,3,0.1209106830122592
1,1,0,0,0,1,0,0,0,0,0,0,0,0,0,2,4,2,4,3,0.6376182454321627
1,0,0,1,1,0,0,0,0,0,0,0,0,0,0,4,3,3,4,4,0.4145530540514867
0,0,0,1,0,0,1,0,0,0,0,0,0,0,0,3,2,4,1,4,0.504986312084474
0,0,1,0,1,0,0,0,0,0,0,0,0,0,0,4,2,4,3,3,0.14214835028528902
1,0,0,1,0,0,1,0,0,0,0,0,0,0,0,4,1,3,4,3,0.2706363902153786
0,1,0,0,0,0,0,0,0,0,0,0,0,0,1,3,2,1,1,3,0.4937035841136584
0,0,1,0,0,0,0,0,0,0,0,0,1,0,0,2,4,3,4,3,0.0
0,0,0,1,0,0,0,0,0,0,0,0,1,0,0,1,1,4,1,4,0.20014044943820225
1,0,1,0,0,0,0,0,0,0,0,0,1,0,0,4,2,2,2,4,0.6822570532915361
0,0,1,0,0,1,0,0,0,0,0,0,0,0,0,1,2,2,4,3,0.8335361053460245
1,0,0,1,0,0,1,0,0,0,0,0,0,0,0,2,3,3,3,1,0.6114134660239465
1,1,0,0,0,0,0,0,0,0,0,0,1,0,0,4,1,2,4,3,0.13738019169329074
0,0,1,0,0,0,0,0,0,0,0,0,1,0,0,1,1,2,3,1,0.4008985200845666
0,1,0,0,0,0,0,0,0,0,0,0,1,0,0,2,4,3,4,2,0.5497835497835498
0,0,1,0,0,0,0,0,0,0,0,0,0,0,1,3,3,3,1,3,0.8399366085578447
1,0,0,1,0,0,1,0,0,0,0,0,0,0,0,4,3,4,1,3,0.47388695458922886
1,0,1,0,0,0,1,0,0,0,0,0,0,0,0,3,4,3,3,3,0.0
1,0,0,1,0,0,0,0,0,0,0,1,0,0,0,3,3,2,1,3,0.7380740080249666
0,0,1,0,0,0,0,0,0,0,0,0,1,0,0,2,2,3,2,3,0.6274281077242988
0,0,0,1,0,1,0,0,0,0,0,0,0,0,0,4,3,3,3,1,0.4721110849611673
1,0,1,0,0,0,0,0,0,0,0,0,0,1,0,2,2,4,4,2,0.4482455626501084
0,0,1,0,0,0,1,0,0,0,0,0,0,0,0,2,4,3,3,3,0.05887096774193548
0,1,0,0,1,0,0,0,0,0,0,0,0,0,0,4,3,3,2,3,0.878612017893846
0,1,0,0,0,0,1,0,0,0,0,0,0,0,0,1,2,1,4,2,0.0
0,0,1,0,0,0,0,0,0,0,0,0,1,0,0,3,3,4,4,2,0.5010858014138521
0,0,1,0,0,1,0,0,0,0,0,0,0,0,0,1,4,3,3,4,0.0
0,0,1,0,0,0,0,0,0,0,0,0,1,0,0,4,3,3,1,3,0.9513959334891722
1,0,1,0,0,0,1,0,0,0,0,0,0,0,0,2,4,3,3,2,0.0
1,0,1,0,0,0,0,0,0,0,0,0,1,0,0,2,3,3,2,3,0.8087350199733688
0,1,0,0,1,0,0,0,0,0,0,0,0,0,0,4,3,4,2,1,0.8180497393385181
1,0,1,0,0,0,0,0,0,0,1,0,0,0,0,3,4,2,3,3,0.6678565964608089
0,0,1,0,0,0,1,0,0,0,0,0,0,0,0,3,4,1,3,4,0.5306153265383163
0,0,1,0,0,0,0,1,0,0,0,0,0,0,0,3,1,3,4,3,0.8964497041420119
1,0,1,0,0,0,0,0,0,0,0,0,0,0,1,3,1,3,4,4,0.8336826062107068
0,0,1,0,0,0,0,0,0,0,0,0,0,1,0,4,3,2,3,2,0.7910990856503078
0,0,0,1,1,0,0,0,0,0,0,0,0,0,0,1,2,4,3,2,0.0
0,0,1,0,0,0,0,0,0,0,1,0,0,0,0,4,1,3,2,3,0.26266433759308633
0,0,1,0,0,0,0,0,0,0,0,0,0,1,0,4,2,3,4,3,0.7388543203540958
0,0,0,1,0,0,1,0,0,0,0,0,0,0,0,3,3,2,4,3,0.2378025837200552
0,0,1,0,0,0,0,0,0,0,0,0,0,1,0,1,1,4,1,3,0.7125045837917126
1,0,1,0,0,0,1,0,0,0,0,0,0,0,0,2,1,3,4,3,0.0
1,0,1,0,0,0,1,0,0,0,0,0,0,0,0,4,2,4,2,3,0.0
1,0,1,0,0,0,0,0,0,0,0,0,1,0,0,4,1,3,3,2,0.39813816756491915
1,0,1,0,0,0,0,0,0,0,1,0,0,0,0,3,2,2,3,3,0.5961524708574698
0,0,1,0,0,0,0,0,0,0,0,0,0,0,1,3,3,3,4,3,0.4324823465507876
0,0,0,1,0,0,0,0,0,0,0,0,0,1,0,3,4,3,2,4,0.623496457406492
1,0,1,0,0,0,1,0,0,0,0,0,0,0,0,3,4,2,4,1,0.0
1,0,1,0,0,0,1,0,0,0,0,0,0,0,0,4,4,3,1,3,0.8115894474340465
0,0,0,1,1,0,0,0,0,0,0,0,0,0,0,4,3,3,4,3,0.0
0,0,1,0,0,0,0,1,0,0,0,0,0,0,0,2,3,3,2,3,0.7660822142731484
0,0,1,0,0,0,0,0,0,0,0,0,1,0,0,3,3,3,2,3,0.34817978442139513
1,0,1,0,0,0,1,0,0,0,0,0,0,0,0,1,4,3,3,3,0.04007694773966015
0,1,0,0,0,0,0,0,0,0,0,0,0,1,0,4,4,3,1,3,0.790080738177624
0,0,0,1,0,0,0,0,0,0,0,0,0,0,1,4,3,3,2,3,0.8887383978010597
1,1,0,0,0,0,0,0,0,0,1,0,0,0,0,3,3,3,4,4,0.0
0,1,0,0,0,0,0,0,1,0,0,0,0,0,0,2,3,3,4,4,0.8221441124780317
1,0,0,1,0,0,1,0,0,0,0,0,0,0,0,4,1,4,2,3,0.0
0,0,0,1,0,0,0,0,0,0,0,0,0,1,0,3,2,1,3,3,0.7460868162013877
1,0,1,0,0,1,0,0,0,0,0,0,0,0,0,1,2,3,3,3,0.6461458423653863
1,0,1,0,0,0,0,0,0,0,0,0,1,0,0,2,4,3,4,3,0.6307126597793732
1,0,1,0,0,1,0,0,0,0,0,0,0,0,0,2,2,3,4,3,0.11002398081534773
0,0,1,0,0,0,0,0,0,0,0,0,0,0,1,4,2,2,4,2,0.0
0,0,1,0,0,0,0,0,0,0,0,0,0,0,1,2,3,3,1,3,0.8734082826660549
0,0,1,0,0,0,1,0,0,0,0,0,0,0,0,4,3,3,3,3,0.7351970669110908
0,0,0,1,0,0,0,0,1,0,0,0,0,0,0,1,2,3,4,2,0.0
1,0,1,0,0,0,1,0,0,0,0,0,0,0,0,3,1,2,4,3,0.8913651912511662
0,0,1,0,0,0,0,0,0,1,0,0,0,0,0,3,4,2,2,3,0.7733360597075963
1,0,1,0,0,0,0,0,0,0,0,0,0,1,0,3,2,3,1,2,0.23853690398432398
0,0,1,0,0,0,0,0,0,0,0,0,0,1,0,3,2,4,4,3,0.0
0,0,1,0,0,0,0,0,0,0,1,0,0,0,0,2,2,3,2,2,0.8642124705432775
0,0,0,1,0,0,0,1,0,0,0,0,0,0,0,4,3,3,2,4,0.0
0,0,1,0,0,1,0,0,0,0,0,0,0,0,0,2,4,3,3,4,0.76878587196468
1,1,0,0,0,0,0,0,0,0,0,0,1,0,0,4,2,3,1,3,0.23473116408560987
1,0,1,0,0,0,1,0,0,0,0,0,0,0,0,2,4,3,4,4,0.7400703871292107
0,0,0,1,0,0,0,0,0,0,0,0,1,0,0,4,4,3,2,3,0.5116176563188716
0,1,0,0,0,0,0,0,0,0,1,0,0,0,0,2,1,3,3,4,0.0
1,0,1,0,0,0,0,0,0,0,0,0,0,1,0,2,4,2,1,3,0.6110736558233608
1,0,0,1,1,0,0,0,0,0,0,0,0,0,0,3,4,3,1,3,0.8901537484693184
0,0,1,0,0,0,0,0,0,0,0,0,0,1,0,3,4,3,3,3,0.9108558693695624
1,0,0,1,0,0,0,0,0,0,1,0,0,0,0,3,1,2,3,4,0.3517357762777242
1,0,1,0,0,0,0,0,0,0,0,0,0,1,0,4,3,3,2,3,0.7746584471842719
0,0,1,0,0,1,0,0,0,0,0,0,0,0,0,4,1,2,3,4,0.8130389976677334
0,0,1,0,0,0,1,0,0,0,0,0,0,0,0,3,1,1,3,3,0.2661318451342867
0,0,1,0,0,0,1,0,0,0,0,0,0,0,0,1,3,3,3,3,0.5018162005085361
0,0,1,0,0,0,0,0,0,0,0,0,0,0,1,3,4,3,2,3,0.24775956284153006
0,0,1,0,0,0,0,0,0,0,1,0,0,0,0,3,2,3,1,4,0.07588750576302443
0,1,0,0,1,0,0,0,0,0,0,0,0,0,0,1,3,3,1,2,0.26776074282012524
1,0,1,0,0,0,0,1,0,0,0,0,0,0,0,3,4,1,4,3,0.3456859442260902
1,0,1,0,0,0,0,0,0,0,0,0,1,0,0,3,3,3,2,2,0.27170913812692743
0,0,1,0,0,0,0,0,0,0,0,0,1,0,0,4,2,3,4,4,0.6446512278737844
1,0,1,0,0,0,1,0,0,0,0,0,0,0,0,1,3,3,2,3,0.8830323274641907
1,0,1,0,0,0,0,0,0,0,0,0,0,1,0,4,2,3,3,4,0.0
1,0,1,0,1,0,0,0,0,0,0,0,0,0,0,4,3,1,3,4,0.720818879171349
0,0,0,1,0,0,1,0,0,0,0,0,0,0,0,4,2,3,1,2,0.8856513992244
0,0,1,0,0,0,0,0,0,0,0,0,0,1,0,1,1,3,2,2,0.0
0,0,0,1,0,0,0,0,0,0,0,0,0,0,1,4,3,2,3,4,0.21267463390001684
0,0,0,1,0,0,0,0,0,0,1,0,0,0,0,2,3,3,4,4,0.7868556342920662
0,0,1,0,0,0,0,0,0,0,0,0,0,1,0,4,4,2,3,3,0.0
0,0,1,0,1,0,0,0,0,0,0,0,0,0,0,3,2,2,2,2,0.8244334277620397
0,0,1,0,0,0,1,0,0,0,0,0,0,0,0,2,4,2,4,3,0.5968131868131868
1,0,1,0,0,0,0,0,0,0,1,0,0,0,0,3,3,4,3,4,0.14558366622281402
0,0,1,0,0,0,1,0,0,0,0,0,0,0,0,3,4,3,2,3,0.7482549549090538
1,1,0,0,0,0,0,0,0,0,0,0,1,0,0,4,2,3,4,2,0.09503916449086162
0,0,1,0,0,0,0,0,0,0,1,0,0,0,0,3,1,4,4,3,0.0
0,0,1,0,0,0,0,0,0,0,0,0,1,0,0,4,2,3,2,2,0.3395434269220677
1,1,0,0,0,0,0,0,0,0,1,0,0,0,0,3,2,3,2,2,0.7896445052994574
0,0,0,1,0,0,1,0,0,0,0,0,0,0,0,1,3,3,2,3,0.0
0,1,0,0,0,0,1,0,0,0,0,0,0,0,0,2,3,2,4,1,0.4280325590629343
0,0,0,1,0,0,0,0,0,0,1,0,0,0,0,3,3,3,1,2,0.9115992903785906
1,0,1,0,0,0,0,0,0,0,1,0,0,0,0,1,1,4,4,3,0.5431857389304198
1,0,1,0,0,0,1,0,0,0,0,0,0,0,0,3,3,2,2,3,0.19502587472001237
1,0,1,0,0,0,0,0,0,0,0,0,0,0,1,2,3,4,4,3,0.7898277082841634
1,0,1,0,0,0,1,0,0,0,0,0,0,0,0,4,4,4,2,2,0.7112233752048062
1,1,0,0,0,0,0,0,0,0,0,0,0,1,0,3,2,1,2,2,0.7518202420560297
0,0,1,0,0,0,0,0,0,0,0,0,0,1,0,1,3,2,1,4,0.8622893026330285
0,1,0,0,0,0,0,0,0,0,0,0,0,1,0,2,1,3,4,3,0.7888070124741126
