Age,Attrition,BusinessTravel_Non-Travel,BusinessTravel_Travel_Rarely,BusinessTravel_Travel_Frequently,DailyRate,DistanceFromHome,Education,EnvironmentSatisfaction,Gender,HourlyRate,JobInvolvement,JobLevel,JobRole_Healthcare_Representative,JobRole_Human_Resources,JobRole_Laboratory_Technician,JobRole_Manager_Research_&_Development,JobRole_Manager_Sales,JobRole_Manager_Human_Resources,JobRole_Manufacturing_Director,JobRole_Research_Director,JobRole_Research_Scientist,JobRole_Sales_Executive,JobRole_Sales_Representative,JobSatisfaction,MonthlyRate,NumCompaniesWorked,OverTime,PercentSalaryHike,RelationshipSatisfaction,StockOptionLevel,TrainingTimesLastYear,WorkLifeBalance,YearsAtCompany,YearsInCurrentRole,TaxRate,OverallSatisfaction
52,0,0,1,0,593,9,4,2,0,88,3,3,0,0,0,0,0,0,0,1,0,0,0,3,13782,9,0,17,3,0,2,2,8,7,0.39,2
36,0,0,1,0,1218,1,1,2,0,52,3,5,0,0,0,1,0,0,0,0,0,0,0,3,8213,1,1,14,3,1,3,3,1,8,0.41,2
23,0,0,0,1,530,16,3,3,0,36,3,2,0,0,0,0,0,0,0,0,0,1,0,4,16130,1,1,25,3,1,4,3,1,5,0.7,3
33,0,0,1,0,953,5,4,2,0,65,3,1,0,0,0,0,0,0,0,0,1,0,0,2,17674,2,0,14,2,0,1,3,3,7,0.84,2
35,0,0,1,0,1380,9,2,3,1,75,3,1,0,0,1,0,0,0,0,0,0,0,0,4,7978,1,0,12,3,0,3,3,10,2,0.21,3
35,0,0,1,0,693,7,3,4,0,57,4,1,0,0,0,0,0,0,0,0,1,0,0,3,15748,1,0,11,4,3,2,3,1,2,0.86,3
27,0,0,1,0,1401,4,2,3,0,56,3,1,0,0,0,0,0,0,0,0,0,0,1,2,20990,2,0,11,1,1,0,3,9,3,0.58,2
23,0,0,0,1,1410,3,1,4,0,71,4,2,0,0,0,0,0,0,0,0,0,1,0,4,16673,1,1,20,2,2,3,3,1,5,0.89,3
20,0,0,0,1,1240,2,4,4,1,33,3,1,0,0,1,0,0,0,0,0,0,0,0,1,19715,1,0,13,4,1,3,3,2,0,0.88,3
49,0,0,1,0,916,17,2,4,0,82,4,2,0,0,0,0,0,0,0,0,1,0,0,1,23016,3,1,13,3,0,2,3,3,2,0.85,3
35,0,0,1,0,933,29,3,2,0,98,3,2,0,0,0,0,0,0,1,0,0,0,0,2,11806,1,0,13,4,1,5,2,1,8,0.77,2
39,0,0,1,0,1354,5,3,3,0,45,2,3,0,0,0,1,0,0,0,0,0,0,0,1,5615,2,0,12,4,0,3,3,10,10,0.45,2
59,0,0,1,0,849,26,2,2,1,98,2,2,0,0,0,0,0,0,0,0,0,1,0,2,25166,8,0,15,3,0,4,3,5,2,0.45,2
34,0,0,1,0,571,12,2,4,0,78,3,1,0,0,1,0,0,0,0,0,0,0,0,4,13672,1,0,13,3,0,3,4,1,2,0.85,3
35,0,0,1,0,1333,1,3,4,0,80,3,3,0,0,0,0,0,0,0,1,0,0,0,1,16292,1,0,13,2,1,3,3,13,12,0.0,2
37,0,0,1,0,625,4,3,4,1,50,3,2,1,0,0,0,0,0,0,0,0,0,0,2,5197,9,0,12,4,0,3,2,5,2,0.34,3
38,0,0,1,0,1242,8,4,1,1,46,3,2,0,0,0,0,0,0,0,0,0,1,0,1,10589,2,0,13,4,1,3,1,7,2,0.0,2
51,0,0,1,0,1154,2,2,1,0,54,3,1,0,0,0,0,0,0,0,0,0,0,1,3,6393,0,0,19,3,1,4,3,4,2,0.0,2
40,0,0,1,0,119,3,3,1,0,76,3,3,0,0,0,0,0,0,0,0,0,1,0,3,9647,0,0,12,3,2,6,2,10,10,0.48,2
36,0,1,0,0,1144,10,1,4,0,74,3,1,0,0,0,0,0,0,0,0,0,0,1,2,23384,1,0,22,2,0,3,3,10,0,0.57,2
44,0,0,1,0,1434,8,4,1,0,76,2,3,0,0,0,0,0,0,0,0,0,1,0,1,14229,1,0,15,2,0,2,3,22,7,0.0,1
38,0,0,0,1,285,29,3,2,1,86,3,2,0,0,1,0,0,0,0,0,0,0,0,3,17491,4,0,13,1,2,4,3,6,7,0.0,2
31,0,0,1,0,192,10,2,1,1,69,3,1,0,0,0,0,0,0,0,0,1,0,0,4,9655,3,0,21,4,2,3,2,1,2,0.69,2
40,0,0,1,0,452,1,3,4,0,81,3,5,0,0,0,1,0,0,0,0,0,0,0,1,18938,0,1,14,3,0,2,3,18,10,0.45,2
33,0,0,1,0,1219,18,3,3,0,86,3,2,0,0,0,0,0,0,0,0,0,1,0,3,7104,1,0,16,2,0,3,3,5,2,0.13,2
32,0,0,1,0,1272,5,3,3,0,37,2,3,1,0,0,0,0,0,0,0,0,0,0,2,9610,2,1,13,4,1,2,3,4,0,0.04,2
36,1,0,1,0,1141,11,2,1,0,61,1,2,1,0,0,0,0,0,0,0,0,0,0,2,14382,5,0,15,1,0,3,1,6,0,0.67,1
35,0,0,1,0,287,1,4,3,1,62,1,1,0,0,0,0,0,0,0,0,1,0,0,4,8952,1,0,12,4,1,3,3,17,3,0.0,3
46,0,0,1,0,1017,1,2,3,1,83,2,1,0,0,0,0,0,0,0,0,1,0,0,1,18697,2,0,14,1,1,2,2,7,1,0.1,1
33,0,0,0,1,1213,2,1,2,1,94,2,2,0,1,0,0,0,0,0,0,0,0,0,4,7525,1,0,21,4,0,2,2,15,1,0.44,2
48,0,0,1,0,750,22,2,3,1,95,3,2,0,0,0,0,0,0,0,0,0,1,0,2,15480,0,0,13,1,1,2,4,8,7,0.58,2
50,0,1,0,0,1383,10,3,4,0,90,3,3,1,0,0,0,0,0,0,0,0,0,0,1,25949,7,1,13,4,1,3,3,31,8,0.31,3
34,0,0,0,1,444,2,1,3,0,40,2,4,0,0,0,1,0,0,0,0,0,0,0,1,17323,7,0,15,2,0,2,4,10,7,0.45,2
50,0,0,1,0,532,29,2,1,0,92,3,2,0,0,0,0,0,0,0,0,1,0,0,3,12932,2,0,11,2,1,3,3,2,4,0.0,2
55,0,1,0,0,1157,2,4,3,0,70,3,1,0,0,0,0,0,0,0,0,0,0,1,4,17001,3,1,21,4,0,3,2,9,2,0.0,3
45,1,0,1,0,360,23,3,3,0,93,3,1,0,0,0,0,0,0,0,0,1,0,0,1,22154,0,0,13,1,0,2,3,21,2,0.25,2
35,0,0,1,0,480,7,2,2,0,31,3,2,0,0,0,0,0,0,1,0,0,0,0,1,4156,1,0,12,2,1,3,1,1,10,0.53,1
40,0,0,1,0,335,17,2,3,0,33,2,2,0,0,0,0,0,0,0,0,0,1,0,2,16822,2,0,16,3,2,3,1,5,2,0.88,2
47,0,0,0,1,1018,3,2,3,0,39,3,3,0,0,0,0,0,0,0,1,0,0,0,4,19373,3,0,15,4,0,3,3,5,7,0.33,3
36,0,0,1,0,1319,6,3,3,1,51,4,2,0,0,0,0,0,0,0,0,1,0,0,1,17001,4,1,13,1,2,0,3,7,7,0.58,2
29,0,0,1,0,1391,10,1,3,0,66,3,1,0,0,0,0,0,0,0,0,1,0,0,3,12127,0,0,17,2,1,3,2,1,1,0.77,2
39,0,0,1,0,664,1,3,2,0,79,3,1,0,0,0,0,0,0,0,0,1,0,0,1,5914,4,0,13,4,1,3,2,13,2,0.01,2
39,0,1,0,0,552,4,3,3,0,60,1,2,0,1,0,0,0,0,0,0,0,0,0,2,20794,6,0,19,2,1,2,3,9,2,0.69,2
24,0,0,1,0,1332,11,2,3,0,80,3,2,1,0,0,0,0,0,0,0,0,0,0,1,17089,1,1,12,4,0,3,2,6,5,0.84,2
41,0,0,1,0,804,9,3,1,1,64,3,1,0,0,1,0,0,0,0,0,0,0,0,4,20165,4,0,18,2,0,0,3,22,0,0.03,2
43,0,0,1,0,849,25,2,1,0,81,2,3,0,0,0,0,0,0,0,1,0,0,0,2,26707,3,0,17,3,1,3,3,10,8,0.0,2
34,0,0,0,1,976,26,4,3,1,100,3,2,0,0,0,0,0,0,0,0,0,1,0,4,12069,0,0,18,1,0,3,3,2,2,0.0,2
45,0,0,0,1,153,15,2,4,0,49,2,2,0,0,1,0,0,0,0,0,0,0,0,3,12682,0,1,12,4,0,3,3,24,5,0.59,3
58,0,0,1,0,1195,11,3,2,0,95,2,2,0,0,0,0,0,0,1,0,0,0,0,2,22656,1,0,13,3,0,2,3,31,5,0.0,2
37,0,0,1,0,594,2,2,3,0,75,2,1,0,0,1,0,0,0,0,0,0,0,0,2,15963,4,0,14,2,1,3,2,5,1,0.59,2
24,0,0,1,0,216,6,2,2,0,84,3,2,0,0,0,0,0,0,1,0,0,0,0,2,4617,6,0,20,4,2,2,3,5,2,0.39,2
38,1,0,0,1,334,26,4,3,0,52,2,2,0,0,0,0,0,0,0,0,0,1,0,1,22967,5,0,15,3,0,2,2,6,3,0.0,2
31,1,1,0,0,935,3,3,1,0,89,3,1,0,0,1,0,0,0,0,0,0,0,0,1,14669,4,0,12,3,0,2,4,9,2,0.32,2
44,0,0,1,0,759,2,2,4,0,46,3,2,0,0,0,0,0,0,0,0,0,1,0,2,22553,7,0,12,3,2,0,3,8,4,0.89,3
60,1,0,1,0,1373,2,2,4,0,92,2,1,0,0,1,0,0,0,0,0,0,0,0,3,2396,6,1,15,2,0,2,3,1,0,0.0,2
29,0,0,1,0,772,2,1,4,1,77,4,2,0,0,0,0,0,0,1,0,0,0,0,3,4973,1,0,17,3,2,5,3,0,7,0.0,3
53,0,0,1,0,1062,24,3,3,0,96,2,2,1,0,0,0,0,0,0,0,0,0,0,1,17584,1,0,19,2,0,3,3,5,9,0.02,2
45,0,0,1,0,185,23,4,2,1,91,1,1,0,0,1,0,0,0,0,0,0,0,0,3,9696,0,0,16,2,1,2,4,9,4,0.4,2
37,0,0,1,0,1377,2,3,4,0,74,3,2,0,0,0,0,0,0,0,0,0,1,0,3,5242,1,1,11,1,0,3,3,8,4,0.32,2
34,0,0,1,0,823,6,3,1,1,81,2,5,0,0,0,1,0,0,0,0,0,0,0,3,22539,7,0,13,4,0,3,3,2,12,0.88,2
45,0,1,0,0,408,9,4,3,0,42,2,1,0,0,0,0,0,0,0,0,1,0,0,2,7551,0,1,16,4,0,1,3,20,2,0.0,2
51,0,0,1,0,1092,9,3,3,1,60,2,1,0,0,1,0,0,0,0,0,0,0,0,2,26551,1,0,11,3,3,2,3,7,0,0.81,2
45,1,0,1,0,1320,8,1,4,1,93,2,1,0,0,1,0,0,0,0,0,0,0,0,3,20586,1,1,11,1,0,3,3,5,4,0.76,2
24,0,0,1,0,1322,28,3,4,1,43,3,4,0,0,0,0,0,0,0,1,0,0,0,1,22422,4,1,11,2,0,1,3,3,2,0.71,2
28,0,0,1,0,1312,23,3,1,0,96,1,1,0,0,0,0,0,0,0,0,1,0,0,3,22310,1,0,25,3,3,2,2,5,7,0.88,2
56,0,0,1,0,957,28,3,2,1,72,4,1,0,0,0,0,0,0,0,0,1,0,0,3,16090,4,0,12,4,0,2,3,5,2,0.0,3
35,0,0,1,0,603,7,4,2,0,78,4,2,0,0,0,0,0,0,0,0,1,0,0,2,5628,6,1,16,4,0,2,3,9,0,0.0,3
39,0,0,1,0,581,9,3,3,1,62,4,1,0,0,0,0,0,0,0,0,1,0,0,3,17616,1,0,16,4,1,3,3,1,3,0.85,3
49,1,0,1,0,869,3,2,1,0,86,2,1,0,0,0,0,0,0,0,0,0,0,1,3,3810,1,1,14,3,0,2,3,3,2,0.0,2
30,0,0,1,0,658,10,4,1,0,67,2,3,0,0,0,0,0,0,0,0,0,1,0,2,20652,2,0,12,2,1,3,2,3,0,0.86,1
34,1,0,1,0,1294,8,1,3,0,79,3,1,0,0,1,0,0,0,0,0,0,0,0,1,15999,1,1,17,3,0,3,3,7,0,0.83,2
41,0,0,1,0,895,9,2,1,0,39,3,1,0,0,0,0,0,0,0,0,0,0,1,4,19189,1,0,24,3,0,3,2,22,2,0.85,2
58,0,0,1,0,1456,1,4,1,1,30,2,3,1,0,0,0,0,0,0,0,0,0,0,1,25796,3,0,20,3,0,3,2,6,12,0.59,1
40,0,0,1,0,1050,11,4,2,1,87,3,4,0,0,0,1,0,0,0,0,0,0,0,4,24456,3,0,20,1,1,3,3,18,9,0.57,2
38,0,0,0,1,1229,8,1,4,0,36,4,1,0,0,1,0,0,0,0,0,0,0,0,4,5321,1,0,19,4,0,1,3,8,0,0.08,3
42,0,1,0,0,1086,7,1,1,1,62,2,1,0,0,1,0,0,0,0,0,0,0,0,4,6054,6,0,14,3,3,6,3,1,3,0.0,2
60,0,0,1,0,529,2,3,4,0,78,3,1,0,0,0,0,0,0,0,0,1,0,0,1,11288,1,0,14,4,0,1,3,2,2,0.52,3
45,1,0,1,0,920,20,2,4,0,69,3,1,0,1,0,0,0,0,0,0,0,0,0,2,10851,0,1,11,3,0,2,3,7,1,0.37,3
34,0,0,1,0,977,2,1,4,1,57,3,1,0,0,1,0,0,0,0,0,0,0,0,3,7298,6,1,19,3,1,3,2,2,2,0.17,3
28,0,0,1,0,888,10,4,3,0,71,3,2,0,1,0,0,0,0,0,0,0,0,0,3,14814,3,0,11,3,0,3,3,4,3,0.67,3
34,0,0,1,0,216,1,4,2,0,75,4,2,0,0,0,0,0,0,0,0,0,1,0,4,12278,0,0,11,4,1,4,2,10,1,0.78,3
41,0,0,1,0,1351,1,4,2,0,45,3,2,0,0,0,0,0,0,0,0,1,0,0,4,13008,9,0,17,2,1,2,2,5,2,0.82,2
39,0,0,0,1,1297,1,4,2,0,44,3,2,1,0,0,0,0,0,0,0,0,0,0,3,14511,4,0,12,3,0,3,3,18,2,0.16,2
38,0,0,0,1,1117,8,2,4,0,66,3,1,0,0,0,0,0,0,0,0,1,0,0,4,4735,1,0,21,4,0,3,3,13,3,0.05,3
36,0,0,1,0,1372,18,1,1,0,93,4,2,0,0,0,0,0,0,0,0,0,1,0,3,12477,2,0,11,2,0,3,2,5,2,0.81,2
37,1,0,1,0,286,2,4,4,0,31,3,5,0,0,0,0,0,0,0,1,0,0,0,2,25761,7,1,12,4,0,2,3,1,15,0.84,3
30,0,0,0,1,444,5,3,4,1,84,3,1,0,0,0,0,0,0,0,0,0,0,1,2,4968,1,0,11,3,1,2,2,9,2,0.21,2
35,0,0,1,0,1283,2,3,4,1,62,3,2,0,0,0,0,0,0,0,0,0,1,0,2,10697,8,0,15,4,0,3,2,5,7,0.55,3
47,1,0,1,0,381,9,3,2,0,89,3,1,0,0,1,0,0,0,0,0,0,0,0,1,16998,2,1,11,3,0,3,2,17,0,0.0,2
32,0,1,0,0,1454,2,4,4,0,65,2,1,0,0,0,0,0,0,0,0,0,0,1,4,13137,1,1,18,1,0,3,2,6,2,0.69,2
34,0,0,0,1,604,8,3,3,1,56,4,2,0,0,0,0,0,0,0,0,0,1,0,4,11693,1,0,15,3,2,3,4,4,7,0.81,3
32,0,0,1,0,501,27,5,3,1,99,3,2,0,0,0,0,0,0,0,0,0,1,0,4,25275,7,0,23,4,1,6,2,7,7,0.56,3
54,0,0,1,0,840,9,3,1,1,64,3,5,0,0,0,0,0,0,0,1,0,0,0,3,17426,2,0,17,2,1,6,4,10,16,0.79,2
39,0,1,0,0,182,8,5,1,0,93,3,4,0,0,0,0,0,0,0,1,0,0,0,2,10920,3,0,11,3,0,2,4,6,2,0.19,2
30,1,1,0,0,950,4,4,4,0,48,2,2,0,0,0,0,0,0,0,0,0,1,0,4,8474,1,1,12,2,0,2,3,11,7,0.0,3
36,0,0,1,0,855,7,4,4,1,73,3,2,0,0,0,0,0,0,0,0,0,1,0,1,12761,7,0,14,2,2,4,3,19,2,0.0,2
30,0,0,0,1,369,8,2,2,1,92,3,2,0,0,0,0,0,0,1,0,0,0,0,1,5041,2,1,16,2,1,2,3,12,0,0.2,2
53,0,0,1,0,1323,2,3,3,0,89,2,1,0,0,1,0,0,0,0,0,0,0,0,4,3300,7,0,15,2,0,4,2,2,2,0.26,2
45,0,0,1,0,1153,6,2,4,0,40,2,1,0,0,1,0,0,0,0,0,0,0,0,3,16376,1,0,11,2,1,2,3,17,4,0.86,2
31,1,0,1,0,992,1,3,3,0,85,3,1,0,0,0,0,0,0,0,0,1,0,0,3,19757,0,0,14,4,0,2,2,9,2,0.72,3
43,0,0,0,1,325,10,4,4,1,63,3,3,1,0,0,0,0,0,0,0,0,0,0,3,5747,3,0,12,1,0,3,3,2,7,0.0,2
38,1,0,1,0,143,4,3,1,0,56,3,2,0,0,0,0,0,0,0,0,0,1,0,2,9558,1,0,18,3,0,2,3,10,7,0.0,2
49,0,0,1,0,694,1,3,4,1,87,2,4,0,0,0,0,0,0,0,1,0,0,0,4,13964,3,0,14,2,2,2,2,7,7,0.75,2
38,0,0,0,1,193,2,3,4,0,52,2,1,0,0,1,0,0,0,0,0,0,0,0,4,14222,1,1,12,2,1,2,3,4,2,0.82,3
28,0,0,1,0,1070,3,4,3,0,45,3,4,0,0,0,0,0,0,0,1,0,0,0,3,21016,3,1,16,4,3,3,2,4,3,0.9,3
36,0,0,1,0,1280,7,1,4,0,64,2,1,0,0,0,0,0,0,0,0,1,0,0,4,26897,1,0,11,3,2,2,3,10,2,0.86,3
42,0,1,0,0,469,3,3,3,0,46,3,1,0,0,0,0,0,0,0,0,1,0,0,2,17861,1,0,12,3,0,3,2,20,10,0.48,2
32,0,0,1,0,277,6,3,1,0,97,2,2,1,0,0,0,0,0,0,0,0,0,0,3,13119,2,0,13,4,0,2,3,1,2,0.0,2
43,0,0,1,0,819,18,5,2,0,48,4,2,0,0,0,0,0,0,0,0,1,0,0,1,26312,1,0,11,4,0,3,3,4,15,0.35,2
59,0,0,1,0,1315,22,3,2,0,71,4,3,0,0,0,1,0,0,0,0,0,0,0,2,19100,7,0,18,2,1,1,2,6,7,0.38,2
45,1,0,1,0,676,9,4,4,0,86,3,1,0,0,1,0,0,0,0,0,0,0,0,1,21831,3,0,14,2,0,3,1,8,4,0.78,2
36,1,0,1,0,1184,11,3,3,0,43,3,3,0,0,0,0,0,0,0,0,0,1,0,4,8847,1,0,18,1,2,2,4,3,8,0.34,3
42,0,0,1,0,798,7,2,3,1,48,2,3,0,0,0,0,0,0,1,0,0,0,0,3,14034,1,0,24,1,1,5,3,5,9,0.0,2
28,0,0,1,0,1488,1,5,2,0,75,3,2,0,0,0,0,0,0,0,0,0,1,0,1,4009,5,1,21,3,1,3,2,0,3,0.13,2
46,0,0,1,0,1354,2,4,2,0,41,3,1,0,0,0,0,0,0,0,0,1,0,0,2,9396,1,0,11,3,1,3,2,4,3,0.35,2
29,0,0,1,0,585,29,4,1,1,40,3,1,0,0,0,0,0,0,0,0,0,0,1,4,19788,2,0,15,2,2,2,2,5,8,0.85,2
40,0,0,1,0,1411,19,2,3,0,36,3,2,0,0,0,0,0,0,0,0,1,0,0,1,19877,2,0,16,1,2,2,2,2,0,0.81,2
39,0,0,1,0,180,2,1,1,1,65,4,1,0,0,0,0,0,0,0,0,1,0,0,1,21632,7,0,13,3,0,2,2,7,3,0.62,2
47,1,1,0,0,299,25,4,4,0,57,2,3,0,0,0,0,0,0,0,0,0,1,0,2,17235,2,1,12,3,0,2,3,10,4,0.31,2
41,0,1,0,0,583,25,4,3,0,57,3,3,1,0,0,0,0,0,0,0,0,0,0,3,6975,1,1,11,3,1,3,2,14,10,0.11,2
46,1,0,1,0,1456,13,5,2,1,96,2,2,0,0,0,0,0,0,0,0,0,1,0,1,18947,5,1,13,2,3,2,3,3,2,0.54,2
19,0,0,1,0,598,9,3,3,1,91,4,1,0,0,0,0,0,0,0,0,1,0,0,3,22376,6,0,18,1,2,3,2,1,0,0.93,2
34,0,0,1,0,1277,8,5,1,0,87,1,1,0,0,1,0,0,0,0,0,0,0,0,3,9725,1,0,19,4,3,2,3,15,2,0.4,2
30,0,0,0,1,818,6,2,2,1,52,3,1,0,1,0,0,0,0,0,0,0,0,0,3,25657,8,0,17,4,0,3,2,4,2,0.0,2
35,1,0,0,1,903,2,3,3,0,81,3,2,0,0,0,0,0,0,1,0,0,0,0,2,8789,4,0,11,1,2,3,3,10,2,0.13,2
40,0,0,1,0,1288,29,4,3,1,33,3,3,0,0,0,0,0,0,0,0,0,1,0,2,19033,3,0,12,2,1,2,3,20,2,0.06,2
53,0,0,1,0,836,8,3,4,1,33,3,4,0,0,0,1,0,0,0,0,0,0,0,3,19730,2,1,14,3,3,3,3,4,0,0.77,3
45,0,0,1,0,975,7,3,4,0,55,2,2,1,0,0,0,0,0,0,0,0,0,0,1,23398,8,0,19,1,0,2,1,1,6,0.58,1
49,0,0,1,0,258,21,4,4,0,74,4,2,0,0,0,0,0,0,0,0,0,1,0,4,19921,1,0,12,4,0,3,3,2,7,0.0,3
38,1,0,1,0,669,9,2,3,0,64,2,3,0,0,0,0,0,0,0,0,0,1,0,4,13596,1,0,16,4,0,4,3,7,8,0.82,3
31,0,0,1,0,1462,11,3,1,1,94,3,1,0,0,1,0,0,0,0,0,0,0,0,3,19106,4,0,18,1,0,2,3,11,2,0.0,2
46,0,0,1,0,928,1,2,2,1,56,3,2,0,0,0,0,0,0,0,0,0,1,0,4,3423,1,1,14,4,1,3,2,7,14,0.18,3
27,0,0,0,1,1329,4,4,4,1,47,2,2,0,0,0,0,0,0,0,0,0,1,0,3,14590,4,0,14,3,1,3,4,5,11,0.84,3
46,0,0,1,0,1038,20,3,2,0,95,1,3,1,0,0,0,0,0,0,0,0,0,0,1,19863,2,1,18,2,1,4,3,6,7,0.84,1
27,0,0,1,0,922,3,2,1,1,39,3,1,0,0,1,0,0,0,0,0,0,0,0,4,2561,5,0,22,1,1,2,3,2,0,0.0,2
35,0,1,0,0,1413,1,1,2,0,42,3,3,0,0,0,0,0,0,0,0,0,1,0,4,6599,1,0,14,4,1,3,3,1,10,0.0,3
33,0,0,1,0,703,28,2,1,0,66,3,2,0,0,0,0,0,0,0,0,0,1,0,2,7428,1,0,20,4,2,4,4,4,3,0.69,2
31,0,0,1,0,736,26,3,3,0,48,2,2,0,0,0,0,0,0,0,0,0,1,0,1,24232,1,0,11,3,1,3,3,7,3,0.76,2
30,0,0,1,0,443,8,1,3,0,48,3,1,0,0,1,0,0,0,0,0,0,0,0,3,17872,1,0,11,1,1,3,3,10,3,0.8,2
33,0,0,1,0,619,1,3,2,0,85,3,2,0,0,0,0,0,0,0,0,0,1,0,3,18659,9,0,11,3,0,2,3,7,9,0.27,2
28,0,0,1,0,376,19,4,4,1,95,3,2,0,0,0,0,0,0,1,0,0,0,0,1,22670,9,1,11,2,2,5,3,5,3,0.0,2
40,0,1,0,0,735,22,4,3,0,86,2,2,0,0,0,0,0,0,0,0,1,0,0,4,26496,1,1,15,2,0,2,3,1,10,0.59,2
33,0,0,1,0,342,16,4,4,0,66,2,2,0,0,0,0,0,0,0,0,0,1,0,3,24558,4,0,19,4,2,1,3,10,0,0.87,3
33,0,0,0,1,859,4,3,3,0,98,2,2,0,0,0,0,0,0,1,0,0,0,0,3,19124,1,0,12,3,1,2,3,4,13,0.77,2
34,0,0,1,0,661,7,2,1,0,78,2,3,0,0,0,0,0,0,0,0,0,1,0,4,20715,7,1,18,4,1,3,3,5,2,0.86,2
40,0,0,1,0,602,1,5,1,0,37,3,2,0,1,0,0,0,0,0,0,0,0,0,4,16823,4,1,11,3,0,3,3,9,7,0.38,2
40,1,0,0,1,587,10,1,1,0,38,1,1,0,0,1,0,0,0,0,0,0,0,0,4,13503,7,0,13,1,3,3,3,22,3,0.5,2
43,0,0,0,1,432,9,4,4,0,96,3,1,0,0,1,0,0,0,0,0,0,0,0,4,18725,3,0,23,2,2,4,3,1,2,0.87,3
34,0,0,1,0,956,6,2,4,1,78,3,2,0,0,0,0,0,0,0,0,1,0,0,1,22087,3,1,12,2,2,3,3,6,9,0.8,2
38,0,0,1,0,254,1,2,2,1,83,2,1,0,0,0,0,0,0,0,0,1,0,0,4,22794,1,1,13,4,1,3,3,18,5,0.42,3
38,0,0,1,0,1329,29,4,3,0,61,3,2,0,0,0,0,0,0,0,0,0,1,0,1,13192,8,0,19,3,3,6,3,16,3,0.2,2
32,1,0,1,0,310,7,2,4,1,72,3,1,0,0,1,0,0,0,0,0,0,0,0,3,5228,8,0,11,4,1,2,1,13,9,0.3,3
36,0,0,1,0,660,7,1,4,1,76,3,1,0,0,0,0,0,0,0,0,0,0,1,3,16192,1,0,13,1,1,2,3,10,0,0.68,2
44,0,0,1,0,675,5,2,2,0,85,4,2,1,0,0,0,0,0,0,0,0,0,0,1,18384,1,0,12,4,2,4,3,3,3,0.0,2
56,0,0,1,0,1252,23,2,3,1,81,4,1,0,0,0,0,0,0,0,0,1,0,0,3,23779,1,0,24,3,1,3,3,0,7,0.77,3
46,0,0,1,0,950,28,3,4,1,97,3,1,0,0,0,0,0,0,0,0,1,0,0,4,16799,4,0,20,4,1,5,3,20,4,0.73,3
33,1,0,1,0,428,9,3,2,1,52,1,1,0,0,0,0,0,0,0,0,0,0,1,2,14630,1,0,13,3,0,3,3,5,2,0.44,2
26,0,0,1,0,142,3,3,3,1,70,2,1,0,0,0,0,0,0,0,0,1,0,0,4,8456,3,0,17,1,1,3,3,5,0,0.72,2
31,1,0,0,1,906,10,3,4,1,92,2,1,0,0,0,0,0,0,0,0,1,0,0,1,11479,6,1,20,3,0,2,3,10,0,0.0,2
30,0,0,1,0,379,5,2,2,0,48,3,2,0,0,0,0,0,0,0,0,0,1,0,2,8891,1,0,14,4,1,2,3,5,8,0.56,2
29,0,0,0,1,1245,18,4,4,1,58,2,5,0,0,0,0,0,0,0,1,0,0,0,3,3180,1,1,17,3,1,3,3,3,9,0.33,3
31,0,0,1,0,1436,6,2,2,0,34,3,2,0,0,0,0,0,0,0,0,0,0,1,3,16047,2,1,20,4,1,2,1,1,7,0.0,2
40,0,0,1,0,830,13,2,4,0,78,3,1,0,0,0,0,0,0,0,0,0,0,1,2,7103,1,0,13,3,1,2,3,2,0,0.6,3
27,0,0,1,0,279,8,1,3,0,61,2,2,0,0,0,0,0,0,0,0,1,0,0,2,24907,1,0,23,4,1,3,3,5,7,0.0,2
42,1,0,1,0,1357,25,3,1,0,48,1,1,0,0,1,0,0,0,0,0,0,0,0,3,10558,1,0,12,3,0,3,2,20,0,0.54,2
34,0,0,1,0,1418,1,3,3,0,36,3,1,0,0,0,0,0,0,0,0,1,0,0,1,10554,2,0,16,2,1,3,3,5,2,0.08,2
49,0,0,1,0,232,19,3,4,0,34,3,2,0,0,0,0,0,0,1,0,0,0,0,4,22645,4,0,12,2,2,5,4,31,2,0.14,3
39,0,0,1,0,422,1,3,4,0,33,3,2,1,0,0,0,0,0,0,0,0,0,0,4,21782,4,0,13,2,1,3,2,6,2,0.11,3
38,0,0,1,0,937,1,3,1,0,32,3,3,0,0,0,0,0,0,0,0,0,1,0,4,6770,1,0,21,1,0,3,2,7,8,0.0,2
43,0,0,1,0,1400,3,3,3,0,53,3,1,0,0,1,0,0,0,0,0,0,0,0,4,16734,4,0,15,3,1,2,1,6,3,0.8,2
52,0,0,0,1,202,2,2,3,1,33,3,4,0,0,0,1,0,0,0,0,0,0,0,4,12982,1,1,11,3,1,3,2,9,14,0.0,3
56,0,0,1,0,655,7,4,4,0,48,3,2,0,0,1,0,0,0,0,0,0,0,0,4,9528,3,0,22,4,1,3,2,6,7,0.24,3
32,0,0,0,1,1392,3,4,4,1,56,3,1,0,0,0,0,0,0,0,0,1,0,0,3,23159,1,1,11,3,0,2,3,2,7,0.81,3
31,0,0,1,0,1103,14,3,1,0,42,3,1,0,0,0,0,0,0,0,0,1,0,0,1,14377,1,1,14,4,2,2,2,6,7,0.54,2
42,0,0,1,0,1180,2,2,2,0,90,3,2,0,0,0,0,0,0,1,0,0,0,0,4,24442,2,0,14,3,1,3,3,6,7,0.79,3
41,0,0,1,0,1389,21,4,2,0,51,4,3,0,0,0,0,0,0,1,0,0,0,0,1,10195,1,0,11,3,1,3,3,3,9,0.33,2
46,0,0,1,0,1349,23,3,1,1,90,3,1,0,0,0,0,0,0,0,0,1,0,0,4,3032,1,0,22,2,2,2,1,11,2,0.0,2
32,0,0,0,1,1313,11,4,4,0,80,3,2,0,0,0,0,0,0,0,0,0,1,0,4,8191,3,0,12,3,0,2,4,0,1,0.43,3
34,0,0,1,0,802,9,1,3,1,96,3,3,0,0,0,0,0,0,0,0,0,1,0,3,21196,3,1,13,3,1,5,3,4,7,0.81,3
24,0,0,1,0,760,2,4,2,1,81,3,2,0,0,0,0,0,0,0,0,0,1,0,2,4999,1,1,20,1,0,2,3,3,7,0.26,2
31,0,0,0,1,1066,2,2,4,1,32,4,2,0,0,0,0,0,0,1,0,0,0,0,4,9637,1,0,12,2,0,3,3,3,7,0.65,3
20,0,0,1,0,559,12,4,3,0,76,3,2,0,0,0,0,0,0,1,0,0,0,0,3,12421,9,1,12,2,2,2,3,2,2,0.76,2
27,0,0,0,1,329,16,4,3,1,98,2,2,0,0,0,0,0,0,0,0,0,1,0,1,13494,4,0,13,1,2,3,2,6,2,0.0,1
32,0,0,1,0,120,4,3,2,0,43,3,2,0,0,0,0,0,0,0,0,0,1,0,3,8863,1,0,15,2,0,2,4,2,4,0.0,2
35,0,0,1,0,648,11,3,3,0,56,2,2,0,1,0,0,0,0,0,0,0,0,0,2,21833,4,0,11,4,2,5,4,10,9,0.77,3
42,1,0,1,0,240,5,3,3,0,46,2,2,0,0,0,0,0,0,0,0,0,1,0,3,26959,1,1,11,4,0,3,3,8,4,0.5,3
30,1,1,0,0,1102,1,2,2,1,94,3,2,0,0,0,0,0,0,0,0,0,1,0,4,19479,8,1,11,1,0,3,1,9,4,0.57,2
23,0,0,1,0,111,17,3,4,1,74,1,1,0,0,0,0,0,0,0,0,1,0,0,3,4279,2,0,13,4,0,3,3,3,0,0.23,3
42,0,0,1,0,1423,1,3,1,0,72,2,1,0,0,0,0,0,0,0,0,1,0,0,3,12530,1,0,14,4,1,3,1,1,0,0.66,2
37,0,0,1,0,1302,2,3,4,0,84,1,2,0,0,0,0,0,0,1,0,0,0,0,2,16321,5,0,18,4,1,2,3,10,1,0.0,2
32,1,0,1,0,429,1,2,3,0,99,3,1,0,0,0,0,0,0,0,0,1,0,0,2,11092,1,1,12,3,3,3,2,4,3,0.17,2
49,0,0,1,0,1450,15,2,4,0,52,3,5,0,0,0,0,0,0,0,1,0,0,0,2,10849,5,0,11,1,1,2,3,5,2,0.0,2
40,1,0,1,0,1218,9,4,3,1,82,2,1,0,0,0,0,0,0,0,0,0,0,1,1,6986,7,0,23,2,0,3,3,12,3,0.09,2
45,0,0,1,0,645,1,3,2,1,49,4,3,0,0,0,0,0,0,0,0,0,1,0,1,19566,1,0,16,3,1,3,3,1,7,0.0,2
29,0,0,1,0,1012,5,4,2,1,75,2,1,0,0,0,0,0,0,0,0,1,0,0,4,3339,9,0,12,2,1,2,2,7,4,0.29,2
18,0,1,0,0,265,25,3,2,0,57,4,1,0,0,0,0,0,0,0,0,1,0,0,4,21221,1,1,12,4,0,2,3,1,0,0.0,3
35,0,0,1,0,201,1,4,2,0,95,3,1,0,0,1,0,0,0,0,0,0,0,0,1,20490,3,0,16,2,1,2,3,6,2,0.0,2
31,1,0,1,0,805,1,2,2,1,36,2,1,0,0,1,0,0,0,0,0,0,0,0,1,11031,1,1,11,4,1,3,3,11,0,0.39,2
38,0,0,1,0,1252,19,2,1,0,32,3,3,0,0,0,0,0,0,0,0,0,1,0,2,4814,1,1,13,4,0,3,3,2,0,0.4,2
29,1,0,1,0,688,3,3,1,1,91,3,1,0,0,1,0,0,0,0,0,0,0,0,1,9396,5,0,13,3,1,3,3,2,2,0.0,2
38,1,0,1,0,408,25,5,3,0,71,2,1,0,0,0,0,0,0,0,0,1,0,0,2,18300,5,0,16,2,0,3,4,15,2,0.0,2
25,0,0,1,0,930,6,3,1,1,73,2,2,0,0,0,0,0,0,0,0,1,0,0,3,20003,1,1,14,1,0,3,1,6,7,0.69,1
32,1,0,0,1,234,9,4,4,0,93,3,2,0,0,1,0,0,0,0,0,0,0,0,1,6208,4,0,17,3,1,2,2,10,1,0.08,2
34,1,0,1,0,471,24,3,3,0,66,1,1,0,0,1,0,0,0,0,0,0,0,0,4,23213,1,1,18,2,0,1,1,8,0,0.77,2
27,0,0,1,0,810,8,3,4,0,57,4,2,0,0,0,0,0,0,0,0,0,1,0,2,15678,0,0,22,3,1,1,3,6,2,0.47,3
35,0,0,1,0,444,2,2,2,1,92,3,2,0,0,0,0,0,0,0,0,0,1,0,2,4258,3,0,14,3,1,5,3,10,8,0.0,2
29,0,0,0,1,328,1,3,3,1,86,2,1,0,0,1,0,0,0,0,0,0,0,0,3,5765,2,0,15,4,1,4,2,5,2,0.41,2
24,0,0,1,0,397,2,2,4,1,54,2,3,0,0,0,0,0,0,1,0,0,0,0,3,14199,3,1,19,4,1,6,4,5,4,0.56,3
28,0,0,0,1,1300,24,2,1,0,62,3,2,0,0,0,0,0,0,0,0,1,0,0,4,24447,1,0,17,1,2,3,3,3,8,0.0,2
50,0,0,1,0,478,2,3,3,1,60,2,5,0,0,0,0,0,0,0,1,0,0,0,1,19805,8,0,12,2,3,3,3,14,0,0.33,2
29,0,0,1,0,906,6,3,3,1,86,4,4,0,0,0,0,0,0,0,0,0,1,0,1,18256,9,0,11,4,3,3,2,9,7,0.77,2
41,1,0,1,0,211,16,3,1,1,74,3,3,0,0,0,0,0,0,0,0,0,1,0,1,10092,2,1,20,3,0,1,2,7,0,0.72,2
40,0,0,1,0,265,5,2,4,0,90,3,5,0,0,0,0,1,0,0,0,0,0,0,3,7770,6,0,13,2,0,3,4,3,0,0.7,3
29,0,0,1,0,311,20,3,2,0,89,3,2,0,0,1,0,0,0,0,0,0,0,0,3,18624,1,0,11,1,1,2,3,3,8,0.0,2
30,0,0,1,0,1225,1,1,1,0,57,2,2,0,0,0,0,0,0,0,0,0,1,0,3,24668,7,0,11,4,0,5,2,10,3,0.91,2
51,0,0,1,0,783,7,4,4,1,78,3,2,0,0,0,0,0,0,0,0,1,0,0,1,13734,5,1,22,3,1,6,3,7,3,0.01,2
32,0,0,1,0,1328,2,3,3,1,76,3,1,0,0,0,0,0,0,0,0,1,0,0,2,6125,0,0,23,4,1,3,3,10,4,0.19,3
34,0,0,1,0,661,9,2,2,1,61,3,1,0,0,0,0,0,0,0,0,1,0,0,1,7508,1,1,13,4,0,3,3,3,7,0.4,2
39,0,0,1,0,715,19,4,4,0,41,3,1,0,0,0,0,0,0,0,0,1,0,0,4,26589,0,0,18,1,1,5,3,7,3,0.62,3
44,0,0,1,0,928,20,4,4,0,31,3,2,0,0,0,0,0,0,0,0,1,0,0,3,16885,3,0,12,4,0,2,2,4,3,0.86,3
33,1,0,1,0,1092,1,4,1,1,36,3,1,0,0,0,0,0,0,0,0,1,0,0,4,26124,9,1,14,2,3,2,4,6,2,0.0,2
27,1,0,1,0,1330,21,3,1,1,37,3,1,0,0,1,0,0,0,0,0,0,0,0,3,19373,1,0,20,3,1,3,2,0,1,0.0,2
53,1,0,1,0,756,1,1,1,0,99,2,1,0,0,0,0,0,0,0,0,0,0,1,2,10855,1,1,11,3,0,2,3,12,2,0.16,2
30,0,0,1,0,809,12,3,3,0,77,3,3,0,0,0,0,0,0,0,0,0,1,0,4,6645,4,0,11,4,0,3,3,7,2,0.2,3
32,0,0,1,0,574,11,3,1,1,30,3,3,1,0,0,0,0,0,0,0,0,0,0,3,16873,1,0,17,2,1,3,3,3,9,0.8,2
34,0,0,0,1,644,1,4,4,1,97,3,3,1,0,0,0,0,0,0,0,0,0,0,1,12368,7,0,16,3,1,2,3,11,2,0.64,2
35,0,0,1,0,755,9,4,3,0,97,2,2,1,0,0,0,0,0,0,0,0,0,0,2,19394,9,0,19,3,0,3,3,8,1,0.47,2
32,0,0,1,0,535,24,3,4,0,38,3,1,0,0,0,0,0,0,0,0,0,0,1,4,5530,0,0,13,3,2,5,3,6,2,0.0,3
36,0,0,1,0,534,15,3,2,1,59,3,1,0,0,1,0,0,0,0,0,0,0,0,4,23785,1,0,15,3,0,3,3,2,0,0.0,3
39,0,1,0,0,1277,2,3,3,1,74,3,3,0,0,0,0,0,0,0,0,0,1,0,4,5596,4,1,12,2,1,2,2,1,6,0.09,2
42,1,0,1,0,1009,1,3,1,0,45,2,1,0,0,1,0,0,0,0,0,0,0,0,2,7160,1,0,15,1,2,4,3,6,0,0.59,1
43,0,0,1,0,640,1,3,4,0,84,3,1,0,0,0,0,0,0,0,0,1,0,0,1,7510,2,0,11,2,0,1,2,10,2,0.37,2
39,0,0,1,0,1403,6,3,4,1,47,3,1,0,0,1,0,0,0,0,0,0,0,0,4,20251,0,0,11,3,1,3,3,19,13,0.0,3
56,0,0,0,1,1082,9,4,4,1,43,3,1,0,0,1,0,0,0,0,0,0,0,0,3,25412,9,0,17,3,1,3,3,7,3,0.48,3
52,0,0,1,0,530,29,1,1,1,91,3,3,0,0,0,0,1,0,0,0,0,0,0,3,23978,3,0,21,2,1,2,1,5,0,0.0,2
50,0,0,1,0,1091,2,1,4,0,65,3,3,0,0,0,0,0,0,1,0,0,0,0,2,15813,3,0,18,2,1,3,3,4,2,0.34,2
34,1,0,1,0,528,22,1,4,0,50,3,1,0,0,0,0,0,0,0,0,0,0,1,3,26820,1,1,19,4,0,5,2,6,0,0.77,3
38,0,0,0,1,1327,3,4,2,0,73,3,3,0,0,0,0,0,0,0,1,0,0,0,3,13523,9,0,12,1,1,2,3,2,2,0.79,2
34,1,0,0,1,342,2,3,1,0,57,3,1,0,0,0,0,0,0,0,0,1,0,0,1,15346,6,1,14,2,1,3,3,13,2,0.65,2
42,0,0,1,0,1370,27,4,4,1,49,3,2,0,0,0,0,0,0,1,0,0,0,0,3,5231,2,0,16,2,1,1,3,5,7,0.02,3
27,0,0,1,0,492,16,4,3,0,96,3,2,0,0,0,0,0,0,0,0,0,1,0,3,13693,8,0,14,3,1,0,3,6,7,0.55,3
20,0,0,1,0,572,10,3,3,0,46,3,2,0,0,0,0,0,0,0,0,0,1,0,4,9125,1,0,13,1,0,5,3,1,3,0.89,2
46,0,1,0,0,373,1,2,4,0,47,3,1,0,0,0,0,0,0,0,0,1,0,0,3,16901,1,0,22,4,1,3,3,2,0,0.53,3
37,1,0,1,0,1356,20,2,2,1,70,3,1,0,0,0,0,0,0,0,0,0,0,1,2,21728,1,1,22,4,0,3,2,14,3,0.7,2
24,0,0,1,0,1216,15,4,1,1,87,3,4,0,0,0,0,0,0,0,1,0,0,0,3,21624,2,1,14,2,0,6,3,4,2,0.0,2
46,0,0,1,0,135,18,4,3,0,62,3,2,1,0,0,0,0,0,0,0,0,0,0,2,12992,3,1,14,4,2,3,3,10,7,0.57,3
40,0,0,1,0,829,15,3,2,1,71,3,4,0,0,0,0,0,0,0,1,0,0,0,1,11929,7,0,14,4,2,3,2,7,8,0.81,2
50,0,0,0,1,523,2,3,3,1,98,3,2,0,0,0,0,0,0,0,0,1,0,0,4,22455,1,0,13,3,0,3,3,2,8,0.59,3
56,0,0,1,0,1082,27,3,3,0,83,3,3,0,0,0,0,0,0,1,0,0,0,0,1,13402,8,0,11,3,1,0,3,19,7,0.14,2
33,0,0,1,0,979,15,2,3,1,94,2,3,0,0,0,0,0,0,0,0,0,1,0,1,6949,2,0,11,1,1,3,3,5,7,0.56,2
27,0,1,0,0,470,2,4,4,0,84,2,2,0,0,0,0,0,0,1,0,0,0,0,1,23687,6,0,13,2,1,0,3,5,9,0.73,2
36,0,0,1,0,1232,7,4,3,1,39,3,3,0,0,0,0,0,0,1,0,0,0,0,4,25713,1,1,14,3,0,2,2,1,9,0.0,3
43,0,0,1,0,1217,2,4,1,0,60,3,3,0,0,0,0,0,0,0,1,0,0,0,3,24001,9,0,12,1,1,3,1,10,3,0.67,1
28,1,0,1,0,1254,10,3,3,1,64,3,3,0,0,0,0,0,0,0,0,0,1,0,2,14011,5,0,21,3,3,4,3,8,7,0.74,2
31,0,0,1,0,1083,29,1,3,1,96,1,2,0,0,0,0,0,0,1,0,0,0,0,2,3173,1,0,14,2,2,3,2,3,6,0.34,2
49,1,0,1,0,436,2,1,3,1,37,3,2,0,0,0,0,0,0,0,0,0,1,0,4,21519,4,0,16,3,0,2,2,4,7,0.24,3
35,0,0,1,0,1324,3,3,3,0,81,4,1,0,0,1,0,0,0,0,0,0,0,0,1,9964,4,1,20,1,3,3,2,10,0,0.66,2
41,1,0,1,0,383,9,2,1,0,68,2,1,0,0,0,0,0,0,0,0,0,0,1,1,15182,3,0,12,1,0,3,3,1,2,0.69,1
35,0,0,1,0,1225,2,4,2,1,47,4,4,0,0,0,0,1,0,0,0,0,0,0,2,21086,6,0,14,3,3,4,3,1,2,0.63,2
36,1,0,1,0,306,26,4,1,0,100,3,2,0,0,0,0,0,0,0,0,0,1,0,1,5630,2,0,14,4,2,4,3,7,1,0.51,2
43,0,0,1,0,1343,27,1,3,1,53,2,1,0,0,0,0,0,0,0,0,1,0,0,1,17852,1,0,11,4,0,3,2,5,5,0.85,2
49,1,0,0,1,202,8,3,1,0,34,2,1,0,0,0,0,0,0,0,0,1,0,0,2,22262,1,0,12,3,0,3,4,5,0,0.14,2
41,0,0,1,0,1296,6,3,3,1,30,3,2,1,0,0,0,0,0,0,0,0,0,0,4,5335,3,0,23,3,1,3,1,10,11,0.37,2
50,0,0,1,0,636,10,4,3,0,35,3,5,0,0,0,0,0,0,0,1,0,0,0,1,25594,9,1,11,4,0,5,3,13,2,0.58,2
50,0,0,1,0,608,1,2,3,0,68,3,3,0,0,0,0,0,0,1,0,0,0,0,1,19144,1,0,11,4,0,4,3,10,7,0.69,2
34,0,1,0,0,1309,4,1,2,0,99,3,2,0,0,0,0,0,0,0,0,0,0,1,3,25751,3,0,19,1,0,2,3,9,0,0.82,2
55,1,0,1,0,621,15,3,1,0,73,3,3,1,0,0,0,0,0,0,0,0,0,0,4,14075,1,0,11,4,1,4,3,1,7,0.27,3
60,0,0,1,0,702,16,4,3,1,100,2,1,0,0,0,0,0,0,0,0,1,0,0,4,8306,1,0,16,3,0,5,3,29,2,0.0,3
45,0,0,1,0,589,28,4,2,1,79,3,2,0,0,1,0,0,0,0,0,0,0,0,3,22949,1,1,12,2,1,2,3,24,14,0.18,2
27,1,0,1,0,419,21,3,4,0,37,2,1,0,0,0,0,0,0,0,0,0,0,1,2,9947,1,1,13,2,0,5,4,7,0,0.0,2
41,0,1,0,0,1413,5,2,3,1,84,4,1,0,0,1,0,0,0,0,0,0,0,0,3,25470,0,0,14,1,0,3,1,8,5,0.73,2
43,0,0,1,0,1276,2,5,2,0,91,3,4,0,0,0,0,1,0,0,0,0,0,0,1,5626,7,0,16,2,1,3,3,5,16,0.53,2
43,0,0,1,0,311,7,3,1,0,77,3,1,0,0,1,0,0,0,0,0,0,0,0,2,19740,2,0,11,3,0,2,3,8,3,0.45,2
29,0,0,0,1,1283,1,3,3,0,52,2,2,0,0,0,0,0,0,0,0,0,1,0,1,11148,1,0,12,2,0,5,3,10,7,0.76,2
40,0,0,1,0,946,2,3,3,0,52,2,2,0,0,0,0,0,0,1,0,0,0,0,4,20234,5,1,24,2,0,3,2,9,0,0.84,2
54,0,0,1,0,467,7,3,3,0,55,3,2,0,0,0,0,0,0,0,0,0,1,0,1,11827,0,0,14,4,0,1,3,9,2,0.09,2
39,1,0,1,0,529,2,4,1,0,79,3,1,0,0,1,0,0,0,0,0,0,0,0,3,14935,2,0,11,3,0,4,1,20,0,0.7,2
39,0,0,1,0,1469,9,4,4,0,35,3,1,0,0,0,0,0,0,0,0,1,0,0,2,25063,8,1,14,4,1,2,3,5,1,0.76,3
35,1,0,0,1,1372,9,3,1,1,85,1,2,0,0,0,0,0,0,0,0,0,1,0,3,9489,8,0,13,2,0,3,2,5,3,0.69,1
34,0,0,0,1,157,10,3,3,0,77,3,2,0,0,0,0,0,0,1,0,0,0,0,1,25198,6,1,19,4,0,3,3,7,2,0.0,2
45,0,0,1,0,581,1,2,4,0,63,3,1,0,0,0,0,0,0,0,0,1,0,0,3,17624,0,0,12,4,0,4,4,3,2,0.47,3
24,1,0,0,1,607,2,5,3,0,78,2,3,0,0,0,0,0,0,1,0,0,0,0,4,14618,0,0,16,2,1,2,3,5,7,0.85,2
41,1,0,0,1,337,14,1,3,0,84,3,3,1,0,0,0,0,0,0,0,0,0,0,4,22930,0,1,12,1,0,2,3,18,7,0.15,2
27,0,0,1,0,670,10,4,1,1,51,3,2,1,0,0,0,0,0,0,0,0,0,0,3,4223,3,1,16,3,0,3,3,3,2,0.17,2
28,0,0,1,0,636,4,4,4,0,47,2,1,0,0,1,0,0,0,0,0,0,0,0,4,26537,1,0,13,2,1,3,4,2,2,0.83,3
29,0,1,0,0,589,14,2,2,0,94,3,4,0,0,0,0,0,0,0,1,0,0,0,1,5200,6,0,24,3,1,3,3,4,1,0.11,2
44,1,0,1,0,523,2,3,2,1,94,3,1,0,0,1,0,0,0,0,0,0,0,0,4,21081,6,1,13,3,1,1,1,2,2,0.0,2
52,0,0,1,0,661,1,4,1,1,60,2,4,0,0,0,0,0,0,1,0,0,0,0,3,22308,4,1,20,4,3,3,2,5,2,0.41,2
53,0,0,1,0,288,2,3,3,1,99,2,2,1,0,0,0,0,0,0,0,0,0,0,4,15830,1,0,19,1,3,3,3,5,10,0.31,2
32,0,0,1,0,1256,19,1,3,0,80,3,1,0,0,0,0,0,0,0,0,1,0,0,4,11992,1,0,24,1,2,3,3,7,2,0.0,2
38,0,0,1,0,691,5,4,3,1,86,3,1,0,0,0,0,0,0,0,0,1,0,0,4,10077,0,1,12,3,1,4,3,9,2,0.0,3
30,1,0,1,0,933,19,3,3,0,57,4,1,0,0,0,0,0,0,0,0,1,0,0,3,20366,6,1,12,4,0,3,3,10,2,0.0,3
38,1,0,0,1,890,2,4,3,0,46,3,1,0,0,0,0,0,0,0,0,1,0,0,3,16374,6,0,17,4,0,3,2,9,2,0.64,3
51,0,0,1,0,135,19,3,3,1,46,3,2,0,0,1,0,0,0,0,0,0,0,0,2,22534,4,0,13,3,2,2,4,2,8,0.42,3
24,0,1,0,0,458,16,2,3,0,74,3,1,0,0,0,0,0,0,0,0,1,0,0,3,8532,9,0,16,2,1,4,3,1,2,0.68,2
28,0,0,1,0,371,2,3,4,0,45,3,1,0,0,0,0,0,0,0,0,1,0,0,4,4936,5,1,11,3,0,6,3,5,2,0.13,3
54,0,0,1,0,474,3,3,1,1,89,3,1,0,0,0,0,0,0,0,0,1,0,0,4,17328,1,0,21,1,0,3,3,5,0,0.36,2
39,0,0,1,0,685,1,3,1,1,62,3,2,0,0,0,0,0,0,1,0,0,0,0,3,7505,0,0,12,4,2,3,3,8,2,0.15,2
39,0,0,1,0,906,7,3,4,1,91,2,2,0,0,0,0,0,0,0,0,0,1,0,3,16985,1,0,14,3,1,3,2,9,8,0.0,2
31,0,1,0,0,723,2,4,2,1,77,1,2,0,0,0,0,0,0,0,0,0,0,1,4,9852,2,1,20,1,2,5,2,10,2,0.57,2
29,0,0,1,0,1217,1,3,3,1,67,3,1,0,0,0,0,0,0,0,0,1,0,0,1,12719,1,0,25,3,1,3,3,2,2,0.0,2
37,1,0,1,0,289,2,3,4,1,51,3,1,0,0,0,0,0,0,0,0,1,0,0,3,26227,4,0,24,1,0,3,3,6,0,0.71,2
34,0,0,1,0,835,19,4,4,0,41,3,2,0,0,0,0,0,0,0,0,1,0,0,4,5141,8,0,14,2,3,4,3,11,2,0.55,3
46,0,0,1,0,1112,5,4,1,1,67,3,2,0,0,0,0,0,0,0,0,0,1,0,4,22589,1,0,11,1,2,3,3,3,0,0.6,2
39,1,0,1,0,1146,8,3,4,0,38,2,2,0,0,0,0,0,0,0,0,0,1,0,1,3424,6,0,17,3,0,3,2,4,3,0.11,2
41,0,0,1,0,896,2,3,3,0,68,3,1,0,0,0,0,0,0,0,0,1,0,0,3,8045,2,0,14,3,1,3,4,9,1,0.0,3
40,0,0,1,0,805,4,2,3,0,57,3,2,0,0,1,0,0,0,0,0,0,0,0,2,23163,1,0,12,2,0,3,2,4,7,0.9,2
26,0,1,0,0,727,3,3,3,0,41,2,1,0,0,1,0,0,0,0,0,0,0,0,3,16900,1,0,18,3,2,5,3,7,0,0.85,2
36,0,0,0,1,1495,10,3,3,1,76,3,2,1,0,0,0,0,0,0,0,0,0,0,3,22174,3,0,19,3,1,3,3,9,0,0.76,3
45,0,1,0,0,1368,28,4,4,0,88,2,2,1,0,0,0,0,0,0,0,0,0,0,4,4447,0,0,11,4,3,5,4,9,5,0.01,3
43,0,0,1,0,1029,16,3,4,0,91,2,3,1,0,0,0,0,0,0,0,0,0,0,2,21195,1,0,19,4,0,3,1,2,8,0.87,2
18,0,1,0,0,895,15,2,1,0,50,3,1,0,0,1,0,0,0,0,0,0,0,0,3,22482,1,0,16,4,1,0,2,0,2,0.92,2
35,1,0,1,0,906,5,2,1,0,95,2,1,0,0,0,0,0,0,0,0,1,0,0,1,20293,6,0,17,1,1,3,1,0,0,0.0,1
48,0,0,1,0,509,2,4,1,1,62,2,2,1,0,0,0,0,0,0,0,0,0,0,3,12504,2,1,17,1,0,3,3,0,7,0.83,2
26,1,0,1,0,602,1,1,3,0,100,1,1,0,0,0,0,0,0,0,0,0,0,1,1,20989,0,0,21,1,0,5,4,1,0,0.9,2
26,1,0,1,0,1097,10,4,3,0,96,3,1,0,0,0,0,0,0,0,0,1,0,0,3,10826,1,1,11,3,0,3,3,1,4,0.79,3
53,0,0,1,0,492,12,3,4,1,66,3,2,0,0,0,0,0,0,1,0,0,0,0,2,19094,4,0,21,3,0,3,3,14,4,0.6,3
33,0,0,1,0,1480,4,3,3,0,64,3,3,0,0,0,0,0,0,0,0,0,1,0,4,24444,2,1,13,4,3,2,3,10,3,0.78,3
44,1,0,1,0,1033,9,3,1,0,41,3,1,0,0,1,0,0,0,0,0,0,0,0,1,10224,7,0,22,1,0,5,4,2,4,0.0,2
26,1,0,1,0,318,9,3,4,0,79,2,1,0,0,0,0,0,0,0,0,1,0,0,3,21777,0,1,17,1,1,0,2,8,0,0.73,2
50,0,0,1,0,590,4,3,4,0,91,2,1,0,0,0,0,0,0,0,0,1,0,0,1,10007,1,0,13,3,1,3,3,20,0,0.68,2
30,0,0,1,0,1079,10,2,3,1,86,3,2,0,0,0,0,0,0,0,0,0,1,0,4,20115,2,1,11,4,1,2,3,5,2,0.89,3
41,0,0,1,0,746,2,3,4,0,61,3,2,0,0,0,0,0,0,0,0,0,1,0,3,16928,1,0,14,1,1,3,2,5,3,0.64,2
31,0,0,1,0,1265,3,3,3,0,95,4,2,0,0,1,0,0,0,0,0,0,0,0,4,23726,2,1,13,2,1,2,2,4,3,0.79,3
55,0,0,1,0,1343,22,1,3,0,49,3,1,0,0,0,0,0,0,0,0,0,0,1,3,24444,1,0,11,3,0,2,3,3,2,0.83,3
26,0,1,0,0,691,2,3,3,0,64,3,4,0,0,0,0,0,0,0,1,0,0,0,3,6881,5,0,16,4,0,6,3,2,3,0.28,3
46,0,0,0,1,208,8,4,3,1,52,3,2,1,0,0,0,0,0,0,0,0,0,0,3,12250,1,0,12,4,1,5,3,3,11,0.82,3
32,0,1,0,0,793,2,1,4,1,43,1,2,0,0,0,0,0,0,0,0,0,1,0,4,20392,3,0,20,2,0,3,3,3,2,0.89,2
29,0,0,1,0,1041,13,3,3,0,36,3,1,0,1,0,0,0,0,0,0,0,0,0,2,25527,4,0,13,2,1,6,3,1,2,0.9,2
38,0,0,1,0,1094,28,3,3,0,58,1,3,0,0,0,0,0,0,0,0,0,1,0,1,11373,3,0,15,3,1,3,3,1,0,0.0,2
52,0,0,1,0,1396,10,3,3,0,99,3,1,0,0,0,0,0,0,0,0,0,0,1,3,19999,1,0,11,3,0,5,3,1,0,0.86,3
42,0,0,0,1,530,2,4,3,0,51,3,2,0,0,0,0,0,0,0,0,0,0,1,4,10124,3,0,15,3,0,3,2,20,7,0.27,3
39,0,1,0,0,217,10,4,2,0,43,3,2,0,0,0,0,0,0,0,0,0,1,0,3,10410,1,0,14,2,0,0,2,11,4,0.25,2
46,0,0,1,0,575,25,3,4,0,44,2,2,0,0,0,0,0,0,1,0,0,0,0,2,24152,1,0,13,4,0,1,3,7,3,0.58,3
41,0,0,0,1,303,2,4,3,1,75,3,1,0,0,0,0,0,0,0,0,0,0,1,3,11314,6,0,18,4,1,4,3,6,3,0.52,3
40,0,0,1,0,217,8,1,2,0,94,1,1,0,0,1,0,0,0,0,0,0,0,0,1,6881,1,0,15,1,1,2,2,20,3,0.0,1
35,0,0,1,0,718,8,1,2,1,79,2,2,0,0,0,0,0,0,1,0,0,0,0,4,17689,1,1,15,3,1,3,2,2,7,0.0,2
35,0,0,1,0,116,13,3,3,0,77,2,1,0,0,1,0,0,0,0,0,0,0,0,2,7331,1,0,20,3,1,2,3,6,2,0.0,2
35,0,0,1,0,343,9,3,1,1,52,3,1,0,0,0,0,0,0,0,0,1,0,0,3,24978,4,0,13,3,0,4,2,5,2,0.0,2
32,0,1,0,0,462,14,2,3,1,68,2,2,0,0,0,0,0,0,0,0,0,1,0,3,7824,7,0,17,1,0,3,3,1,4,0.64,2
32,1,0,1,0,251,10,2,1,0,45,2,1,0,0,1,0,0,0,0,0,0,0,0,3,25308,1,0,20,3,0,3,1,3,2,0.85,2
46,0,0,1,0,903,2,5,1,0,41,4,3,0,0,0,0,0,0,0,0,0,1,0,3,17465,0,0,18,4,0,3,3,1,7,0.85,3
45,0,0,1,0,665,6,4,1,1,41,3,2,0,0,0,0,0,0,0,0,1,0,0,3,12482,1,0,14,3,0,2,3,9,13,0.53,2
36,0,0,1,0,506,29,1,2,1,91,3,1,0,0,1,0,0,0,0,0,0,0,0,1,3622,1,0,13,2,3,2,4,7,2,0.0,2
43,0,0,1,0,692,14,4,3,0,61,4,5,0,0,0,0,0,0,0,1,0,0,0,2,18880,8,0,11,4,0,3,3,22,15,0.29,3
39,1,1,0,0,562,8,2,2,0,50,3,2,0,0,0,0,0,0,0,0,0,1,0,3,23452,3,1,14,1,1,3,3,3,3,0.2,2
31,0,0,0,1,329,1,4,2,1,88,3,1,0,0,1,0,0,0,0,0,0,0,0,2,6762,3,0,22,3,1,3,3,1,2,0.0,2
43,0,0,0,1,1283,5,5,2,0,90,4,1,0,0,0,0,0,0,0,0,1,0,0,3,5679,2,1,12,1,0,3,2,8,2,0.02,2
38,0,0,1,0,1435,25,3,1,0,99,3,3,0,0,0,0,0,0,0,0,0,1,0,1,4771,7,0,11,4,0,0,2,5,16,0.51,2
49,0,0,1,0,697,10,3,3,1,40,3,3,0,0,0,0,0,0,0,1,0,0,0,3,26862,4,0,20,3,1,3,4,5,7,0.83,3
38,0,0,1,0,1382,8,2,1,1,85,3,2,0,0,0,0,0,0,0,0,0,1,0,3,13684,0,1,22,2,1,3,2,15,3,0.01,2
27,0,0,1,0,1210,2,3,1,0,78,2,2,0,0,0,0,0,0,0,0,0,1,0,2,3687,2,0,19,2,2,3,3,5,0,0.17,2
30,0,1,0,0,138,2,3,2,0,37,3,2,0,0,1,0,0,0,0,0,0,0,0,2,15986,5,0,11,4,0,2,3,2,2,0.7,2
41,0,0,1,0,1490,2,2,4,1,42,3,1,0,0,1,0,0,0,0,0,0,0,0,4,12106,1,1,23,3,1,6,3,2,0,0.59,3
36,0,0,1,0,1425,14,1,3,1,68,3,2,1,0,0,0,0,0,0,0,0,0,0,4,4821,0,1,17,1,1,2,2,13,8,0.07,2
28,1,0,1,0,746,24,3,3,0,45,4,1,0,0,0,0,0,0,0,0,0,0,1,1,10642,1,0,17,4,0,2,3,10,0,0.57,3
30,0,0,1,0,1018,1,3,3,1,66,3,2,0,0,0,0,0,0,0,0,0,1,0,1,5433,0,0,17,4,1,2,3,11,3,0.21,2
43,0,0,0,1,621,3,4,3,1,31,2,4,0,0,0,0,1,0,0,0,0,0,0,1,10084,1,0,11,1,0,3,4,3,6,0.53,2
31,0,1,0,0,1200,1,4,4,0,62,3,2,0,0,0,0,0,0,0,0,1,0,0,1,25174,4,0,14,2,1,2,2,5,5,0.83,2
26,1,0,1,0,1097,11,3,4,0,98,2,1,0,0,0,0,0,0,0,0,1,0,0,1,18275,1,1,15,1,0,2,3,8,0,0.64,2
35,0,0,1,0,1474,5,2,2,1,97,3,1,0,0,1,0,0,0,0,0,0,0,0,3,9260,4,0,17,4,1,3,3,10,2,0.44,3
47,0,0,1,0,317,2,3,3,1,43,1,2,0,0,0,0,0,0,1,0,0,0,0,4,24793,2,0,20,3,0,0,3,9,4,0.83,2
30,1,0,1,0,1157,2,4,1,0,84,1,1,0,0,0,0,0,0,0,0,1,0,0,4,24737,5,1,13,4,0,3,2,5,2,0.92,2
32,0,0,1,0,549,8,4,4,1,75,3,2,0,0,0,0,0,0,0,0,1,0,0,4,9278,9,0,14,1,2,5,3,10,9,0.48,3
43,0,0,0,1,319,4,4,1,0,41,3,1,0,0,0,0,0,0,0,0,0,0,1,4,2539,4,0,17,3,1,3,3,3,8,0.11,2
35,1,0,1,0,867,19,2,3,0,36,2,1,0,0,0,0,0,0,0,0,0,0,1,2,18798,1,1,18,3,3,3,3,8,0,0.49,2
29,0,0,1,0,604,6,1,1,0,69,3,1,0,0,0,0,0,0,0,0,1,0,0,3,12145,0,0,20,4,0,5,3,5,2,0.56,2
30,0,0,1,0,685,26,5,3,0,60,2,5,0,0,0,0,1,0,0,0,0,0,0,4,23037,1,0,21,3,1,2,3,2,6,0.83,3
44,1,0,1,0,945,9,3,2,0,89,3,1,0,0,0,0,0,0,0,0,0,0,1,4,16019,1,0,13,3,0,3,2,20,0,0.35,2
32,0,0,1,0,821,5,4,1,1,98,3,2,0,0,0,0,0,0,0,0,0,1,0,4,24252,1,0,14,2,0,3,3,7,2,0.79,2
26,0,0,1,0,672,25,3,4,0,78,2,3,0,0,0,0,0,0,1,0,0,0,0,2,9129,3,0,16,1,0,3,3,5,10,0.0,2
53,0,0,1,0,605,21,3,4,0,72,3,4,0,0,0,0,1,0,0,0,0,0,0,4,11836,4,1,13,3,1,3,2,2,0,0.01,3
45,0,0,1,0,413,7,1,4,1,57,3,1,0,0,0,0,0,0,0,0,0,0,1,2,18398,0,0,14,1,0,3,3,5,2,0.74,2
23,0,0,1,0,1261,7,3,2,0,31,2,3,1,0,0,0,0,0,0,0,0,0,0,3,12066,8,0,24,3,0,3,3,2,2,0.71,2
35,0,0,1,0,1230,1,2,4,1,33,2,2,0,0,0,0,0,0,1,0,0,0,0,4,19146,6,0,22,1,2,6,1,13,2,0.46,2
39,0,0,0,1,269,5,1,3,0,42,2,3,0,0,0,0,0,0,0,1,0,0,0,4,19197,1,1,16,2,1,3,3,21,8,0.54,2
44,0,1,0,0,775,4,3,4,0,90,3,2,0,0,0,0,0,0,0,0,1,0,0,2,6194,5,0,15,4,2,3,2,0,8,0.63,3
38,0,0,1,0,1124,1,3,4,1,97,3,1,0,0,1,0,0,0,0,0,0,0,0,4,19305,1,0,15,3,0,3,4,5,0,0.81,3
32,1,0,1,0,1427,18,1,4,1,65,3,1,0,0,0,0,0,0,0,0,1,0,0,4,8870,1,0,19,1,0,3,2,10,0,0.34,2
39,0,0,1,0,1273,2,2,4,0,72,4,1,0,0,0,0,0,0,0,0,1,0,0,3,21923,1,0,12,4,2,3,2,8,3,0.61,3
45,0,0,1,0,832,5,4,3,1,63,2,1,0,0,0,0,0,0,0,0,1,0,0,4,17650,1,0,13,3,1,4,2,9,2,0.16,2
30,0,0,1,0,397,19,4,3,1,88,3,3,0,1,0,0,0,0,0,0,0,0,0,2,6729,2,0,15,3,1,6,4,5,7,0.02,3
30,0,0,1,0,1275,28,2,4,1,64,3,2,0,0,0,0,0,0,0,0,1,0,0,4,11934,1,0,13,4,2,4,3,4,8,0.56,3
49,1,0,1,0,754,26,4,1,1,63,3,2,0,0,0,0,0,0,0,0,0,1,0,4,21075,1,1,11,3,0,2,3,2,7,0.88,2
41,0,0,1,0,443,3,3,4,0,50,3,1,0,0,0,0,0,0,0,0,1,0,0,4,16571,1,0,11,3,3,5,2,4,0,0.87,3
45,0,0,1,0,174,8,4,4,1,56,2,4,0,0,0,0,0,0,0,0,0,1,0,2,11879,6,0,17,2,1,3,3,10,8,0.51,2
46,0,0,1,0,527,8,2,1,1,51,3,3,0,0,1,0,0,0,0,0,0,0,0,2,22477,4,0,11,3,1,2,2,24,9,0.53,2
42,0,0,0,1,419,7,4,1,0,53,3,3,0,0,0,0,0,0,0,1,0,0,0,2,21293,0,0,11,3,0,3,3,11,6,0.83,2
49,0,0,1,0,300,26,3,3,1,74,3,2,0,0,0,0,0,0,0,0,0,1,0,1,22217,1,0,14,2,1,3,2,2,7,0.87,2
41,1,0,1,0,725,2,3,4,1,78,3,5,0,0,0,1,0,0,0,0,0,0,0,1,21199,5,1,13,4,1,3,3,20,2,0.36,3
29,0,0,1,0,329,2,3,4,0,96,3,1,0,0,0,0,0,0,0,0,1,0,0,3,11868,4,0,13,2,1,3,3,2,2,0.0,3
43,0,0,1,0,1398,8,2,4,1,96,4,1,0,1,0,0,0,0,0,0,0,0,0,2,24609,9,0,18,4,0,2,3,16,2,0.0,3
26,1,0,1,0,335,9,2,3,1,46,2,1,0,0,0,0,0,0,0,0,1,0,0,1,10322,0,1,22,1,0,3,3,5,2,0.79,2
36,0,0,1,0,1302,19,3,4,1,67,2,1,0,0,1,0,0,0,0,0,0,0,0,1,16290,1,0,11,1,2,2,3,17,7,0.0,2
39,0,1,0,0,1361,17,4,3,1,94,3,2,0,0,0,0,0,0,0,0,0,1,0,1,21026,3,1,15,4,3,1,3,3,7,0.0,2
34,0,0,1,0,141,3,3,3,0,44,4,2,0,1,0,0,0,0,0,0,0,0,0,2,18767,9,0,15,3,1,2,1,2,3,0.86,2
43,0,0,1,0,199,6,3,4,1,55,2,1,0,0,0,0,0,0,0,0,1,0,0,3,7950,1,0,13,3,1,3,3,5,2,0.43,3
27,0,0,1,0,1125,10,3,3,1,94,2,3,0,0,0,0,0,0,0,0,0,1,0,4,11563,2,1,19,3,1,3,3,8,2,0.46,3
53,0,0,1,0,204,14,3,3,1,31,3,1,0,0,0,0,0,0,0,0,0,0,1,3,2912,1,1,18,4,2,2,3,14,2,0.0,3
42,0,0,1,0,313,3,3,4,0,98,3,4,1,0,0,0,0,0,0,0,0,0,0,2,18303,3,0,18,3,0,3,3,1,7,0.61,3
28,0,0,1,0,634,5,4,2,0,35,4,1,0,0,0,0,0,0,0,0,1,0,0,4,18783,3,0,17,4,2,3,3,5,2,0.78,3
40,0,0,1,0,862,2,1,3,1,76,3,1,0,0,0,0,0,0,0,0,0,0,1,1,14947,1,0,12,3,3,5,3,5,0,0.62,2
34,0,0,1,0,1192,5,2,4,1,61,3,2,0,0,0,0,0,0,1,0,0,0,0,4,23177,7,0,16,3,2,3,2,0,2,0.78,3
40,0,0,1,0,415,25,3,3,1,79,2,3,0,0,0,0,0,0,0,0,0,1,0,4,13237,5,0,13,3,1,3,3,20,0,0.6,3
41,1,0,1,0,329,24,3,3,1,51,3,1,0,0,1,0,0,0,0,0,0,0,0,2,7412,1,1,17,3,3,3,3,9,1,0.01,2
49,0,0,1,0,1258,1,4,4,1,40,4,1,0,0,0,0,0,0,0,0,1,0,0,3,13301,3,0,13,3,0,3,3,26,2,0.44,3
38,0,1,0,0,1395,26,3,2,1,54,3,2,0,0,0,0,0,0,0,0,1,0,0,2,8504,1,0,11,1,1,3,3,5,7,0.0,2
31,0,0,1,0,201,5,3,4,0,84,3,1,0,0,0,0,0,0,0,0,1,0,0,1,10415,5,0,14,4,1,3,3,5,2,0.67,3
34,0,0,1,0,1429,18,4,4,1,67,3,3,0,0,0,0,0,0,1,0,0,0,0,4,20002,6,0,12,4,0,2,2,15,7,0.77,3
33,0,0,1,0,990,27,3,4,1,87,4,1,0,0,1,0,0,0,0,0,0,0,0,2,5855,5,0,12,3,1,5,3,5,4,0.34,3
28,0,0,1,0,367,25,2,3,0,52,2,2,1,0,0,0,0,0,0,0,0,0,0,4,17171,7,0,13,3,2,3,3,1,2,0.86,3
56,0,0,1,0,938,2,4,3,0,79,3,1,0,0,1,0,0,0,0,0,0,0,0,3,12287,4,0,21,3,0,4,3,10,8,0.81,3
37,0,0,1,0,1266,10,4,2,0,63,2,2,0,0,0,0,0,0,0,0,0,1,0,3,6060,1,1,13,1,1,2,3,4,9,0.05,2
23,0,0,1,0,1459,10,4,4,0,41,3,2,1,0,0,0,0,0,0,0,0,0,0,4,19121,2,1,13,4,0,2,4,4,2,0.85,3
59,1,0,1,0,807,6,4,3,1,63,3,1,0,1,0,0,0,0,0,0,0,0,0,1,23648,4,1,22,4,0,3,3,21,2,0.68,2
35,0,0,1,0,155,4,3,2,0,87,4,2,0,0,0,0,0,0,1,0,0,0,0,2,5174,1,1,20,2,1,2,3,10,2,0.0,2
55,0,0,1,0,561,2,3,4,1,61,3,2,0,0,0,0,0,0,0,0,0,1,0,2,16835,0,0,19,2,1,2,4,10,7,0.04,3
37,0,0,1,0,486,8,3,2,0,86,4,1,0,0,0,0,0,0,0,0,1,0,0,3,22490,7,0,17,1,0,2,3,5,2,0.81,2
29,0,0,1,0,1062,2,3,3,0,75,3,1,0,0,1,0,0,0,0,0,0,0,0,2,4187,1,0,13,3,1,3,3,10,0,0.06,2
37,0,0,1,0,788,24,4,2,0,36,3,1,0,1,0,0,0,0,0,0,0,0,0,2,8318,1,0,16,1,0,3,3,9,3,0.0,2
56,1,0,1,0,350,13,3,1,0,56,2,1,0,1,0,0,0,0,0,0,0,0,0,1,3157,4,1,15,4,3,3,3,4,2,0.18,2
32,1,0,1,0,1365,13,4,2,0,46,3,2,0,0,0,0,0,0,0,0,0,1,0,1,11512,2,0,17,3,0,0,1,1,1,0.71,2
42,0,0,1,0,970,7,3,3,0,59,4,4,0,0,0,0,0,0,0,1,0,0,0,3,13514,3,0,19,3,0,5,3,3,1,0.8,3
30,0,0,1,0,1136,5,3,4,1,60,4,1,0,0,0,0,0,0,0,0,1,0,0,2,12392,1,1,16,1,1,3,2,3,2,0.74,2
37,0,0,0,1,1326,3,3,4,1,81,1,2,0,0,0,0,0,0,0,0,0,1,0,1,15891,3,0,18,4,0,3,3,3,9,0.0,2
29,1,0,0,1,289,2,2,3,1,38,2,1,0,0,1,0,0,0,0,0,0,0,0,1,5355,7,0,11,3,0,1,2,8,0,0.0,2
27,0,0,1,0,483,6,3,4,1,95,2,2,0,0,0,0,0,0,1,0,0,0,0,2,10110,6,1,15,4,0,2,3,7,4,0.77,3
34,0,0,1,0,280,1,2,3,0,43,3,1,0,1,0,0,0,0,0,0,0,0,0,4,10494,1,0,15,2,1,3,3,14,2,0.06,3
41,0,0,1,0,1130,8,4,2,1,56,3,2,0,0,0,0,0,0,0,0,0,1,0,2,10447,1,0,18,1,1,3,3,22,7,0.67,2
36,0,0,0,1,573,6,3,2,1,79,1,2,0,0,0,0,0,0,0,0,1,0,0,4,15717,7,1,12,4,3,2,3,15,11,0.7,2
32,1,0,1,0,1368,4,1,3,1,99,2,1,0,0,1,0,0,0,0,0,0,0,0,3,9129,5,0,16,3,0,3,3,3,2,0.48,2
42,1,0,1,0,806,7,3,2,0,39,3,1,0,0,1,0,0,0,0,0,0,0,0,3,17285,3,1,13,1,2,3,3,0,7,0.77,2
29,1,0,1,0,104,2,3,1,0,69,3,1,0,0,1,0,0,0,0,0,0,0,0,1,26619,1,1,12,4,1,3,3,7,0,0.0,2
47,0,1,0,0,827,1,1,4,0,71,3,1,0,0,0,0,0,0,0,0,1,0,0,1,15178,1,0,13,4,0,3,3,1,0,0.67,3
38,0,1,0,0,234,1,4,2,0,68,2,1,0,0,0,0,0,0,0,0,0,0,1,2,18024,0,0,14,2,1,0,3,8,2,0.71,2
51,0,0,1,0,1181,3,1,2,0,79,3,1,0,0,1,0,0,0,0,0,0,0,0,2,16102,1,0,14,4,0,0,3,1,0,0.0,2
33,0,0,1,0,1485,18,3,3,0,87,3,2,0,0,0,0,0,0,1,0,0,0,0,3,26314,2,0,14,3,1,3,2,14,7,0.0,2
30,0,0,0,1,882,19,1,4,0,67,3,1,0,0,1,0,0,0,0,0,0,0,0,4,9075,3,0,11,3,3,2,2,10,2,0.71,3
47,0,0,1,0,1499,28,3,3,1,80,2,3,0,0,0,0,0,0,0,0,0,1,0,1,5070,4,0,19,4,0,2,4,5,13,0.44,2
42,0,0,0,1,804,2,1,4,0,86,2,1,0,0,0,0,0,0,0,0,1,0,0,4,22929,0,1,20,4,0,3,2,24,2,0.2,3
40,0,1,0,0,913,9,2,2,0,48,2,2,0,0,0,0,0,0,1,0,0,0,0,2,13934,2,1,11,3,1,5,3,9,2,0.01,2
52,0,1,0,0,363,1,3,3,0,77,1,3,0,0,0,0,0,0,1,0,0,0,0,1,4235,2,1,21,3,1,3,3,9,7,0.18,2
28,0,0,1,0,1054,8,3,3,0,67,3,1,0,0,0,0,0,0,0,0,1,0,0,4,6152,1,0,11,3,0,3,2,2,2,0.44,3
42,0,0,0,1,682,18,4,2,1,71,3,2,0,0,0,0,0,0,0,0,0,1,0,1,15975,0,0,16,4,1,4,1,6,3,0.72,2
50,0,0,1,0,152,10,3,3,0,85,3,2,0,0,0,0,0,0,0,0,0,1,0,4,19899,1,1,13,2,0,3,3,4,3,0.11,3
36,1,0,1,0,813,14,3,3,1,58,3,1,0,0,1,0,0,0,0,0,0,0,0,4,22149,5,1,13,3,1,2,1,1,4,0.69,2
27,0,0,1,0,853,1,1,3,0,96,3,2,0,0,0,0,0,0,1,0,0,0,0,1,11275,1,0,12,3,1,4,3,9,3,0.0,2
27,1,0,1,0,138,22,3,1,1,48,3,1,0,0,0,0,0,0,0,0,1,0,0,3,11539,4,1,11,2,0,2,3,1,2,0.8,2
49,0,0,1,0,566,18,4,3,1,81,4,1,0,0,1,0,0,0,0,0,0,0,0,4,7122,4,0,18,4,2,3,3,15,0,0.0,3
41,0,0,1,0,1371,10,4,4,0,77,3,2,0,0,0,0,0,0,0,0,0,1,0,3,5915,1,1,12,4,1,3,4,1,2,0.48,3
30,0,0,1,0,735,6,1,3,0,66,3,1,0,0,0,0,0,0,0,0,1,0,0,3,6020,0,1,14,4,0,2,3,4,2,0.43,3
29,0,0,1,0,571,14,3,3,1,78,3,2,0,0,0,0,0,0,0,0,0,1,0,3,24200,3,1,17,3,1,2,2,7,4,0.33,2
29,0,0,1,0,336,26,3,1,1,52,2,2,0,0,0,0,0,0,0,0,0,1,0,1,24162,1,0,15,1,1,5,3,3,7,0.84,1
40,0,1,0,0,442,2,2,2,0,44,3,2,0,0,0,0,0,0,0,0,0,1,0,4,20260,1,0,18,1,0,3,2,9,7,0.85,2
37,0,0,1,0,792,1,3,4,0,77,3,2,0,0,1,0,0,0,0,0,0,0,0,4,9602,1,1,15,4,1,3,3,3,8,0.06,3
32,0,0,0,1,429,2,4,3,0,53,3,2,0,0,0,0,0,0,1,0,0,0,0,2,6524,9,1,11,4,0,3,3,10,14,0.64,3
44,0,0,1,0,575,1,2,1,1,71,1,1,0,0,1,0,0,0,0,0,0,0,0,4,5454,3,0,14,1,1,2,3,12,2,0.03,2
31,0,0,0,1,897,10,3,1,1,59,3,1,0,1,0,0,0,0,0,0,0,0,0,4,2789,0,0,14,4,1,3,3,2,2,0.25,3
46,0,0,1,0,613,6,1,4,0,42,2,3,1,0,0,0,0,0,0,0,0,0,0,1,21457,4,0,15,1,1,3,3,6,7,0.0,2
33,0,0,1,0,1142,8,3,4,1,81,3,1,0,0,1,0,0,0,0,0,0,0,0,3,13624,4,0,13,4,0,3,3,8,0,0.79,3
41,0,0,0,1,488,2,3,3,1,75,1,4,0,0,0,0,1,0,0,0,0,0,0,2,14977,3,1,12,2,1,3,2,9,7,0.73,2
44,0,0,1,0,1369,23,3,4,1,68,3,4,0,0,0,0,0,0,1,0,0,0,0,2,18235,4,1,12,1,1,3,3,1,16,0.85,2
42,0,0,1,0,1490,4,2,4,0,30,3,4,0,0,0,1,0,0,0,0,0,0,0,4,19232,2,0,13,4,0,3,1,22,2,0.46,3
28,0,0,1,0,1247,20,2,4,0,45,3,2,0,0,0,0,0,0,0,0,0,1,0,4,10732,2,0,14,4,1,4,3,5,2,0.21,3
42,1,0,1,0,129,4,3,1,0,84,3,1,0,0,1,0,0,0,0,0,0,0,0,1,15992,1,0,19,2,0,3,3,1,0,0.19,2
37,0,0,1,0,819,2,3,3,1,44,2,3,0,0,0,0,0,0,1,0,0,0,0,2,19588,2,0,18,2,1,3,4,6,7,0.67,2
29,0,0,1,0,1199,18,4,3,0,80,3,2,1,0,0,0,0,0,0,0,0,0,0,3,24594,1,1,14,4,2,3,4,3,2,0.83,3
54,0,0,1,0,827,1,4,3,1,84,4,2,1,0,0,0,0,0,0,0,0,0,0,2,20161,1,1,13,1,1,4,3,5,5,0.73,2
42,0,0,1,0,889,9,3,2,0,53,3,1,0,0,0,0,0,0,0,0,1,0,0,4,11411,1,1,12,3,3,2,2,1,2,0.0,2
59,0,0,1,0,1153,1,2,1,0,94,3,2,0,0,0,0,0,0,1,0,0,0,0,2,17736,1,0,15,3,0,6,3,9,2,0.41,2
38,0,0,1,0,1034,18,1,1,0,86,3,3,1,0,0,0,0,0,0,0,0,0,0,3,9924,5,0,11,4,0,3,2,9,2,0.09,2
25,0,0,1,0,1229,4,4,4,1,30,3,2,1,0,0,0,0,0,0,0,0,0,0,3,16143,0,1,16,2,0,3,3,2,2,0.86,3
31,0,0,1,0,1176,20,3,3,0,85,3,2,0,0,0,0,0,0,1,0,0,0,0,1,9096,0,0,15,3,1,3,2,13,2,0.0,2
29,0,0,0,1,1318,26,4,1,0,66,3,4,0,0,0,0,1,0,0,0,0,0,0,3,5594,2,0,14,3,1,3,2,10,6,0.19,2
34,0,1,0,0,179,2,5,4,1,79,4,2,0,1,0,0,0,0,0,0,0,0,0,1,12858,7,0,16,1,1,3,4,5,3,0.84,2
22,0,1,0,0,499,2,1,3,1,36,3,2,0,0,0,0,0,0,0,0,0,1,0,2,20497,0,1,13,1,3,2,2,4,2,0.86,2
39,1,0,0,1,1306,5,3,2,0,69,3,1,0,0,0,0,0,0,0,0,0,0,1,2,13675,1,1,14,4,0,3,3,2,0,0.41,2
24,0,0,1,0,852,1,1,4,1,55,2,2,0,0,1,0,0,0,0,0,0,0,0,4,15998,1,1,12,3,2,4,2,5,8,0.8,3
36,0,0,1,0,326,3,3,3,0,48,2,2,0,0,0,0,0,0,0,0,0,1,0,4,16490,5,0,17,4,0,3,3,7,1,0.5,3
31,0,0,0,1,635,18,1,2,0,73,3,1,0,0,1,0,0,0,0,0,0,0,0,4,7703,1,0,13,1,0,5,3,2,1,0.66,2
39,1,0,1,0,504,10,3,1,1,96,2,1,0,0,0,0,0,0,0,0,1,0,0,2,6148,1,1,25,2,0,3,4,15,1,0.04,2
38,0,0,1,0,1126,1,2,4,1,66,3,4,0,0,0,0,0,0,0,1,0,0,0,4,12061,9,0,22,3,1,2,2,10,4,0.45,3
47,0,0,1,0,384,8,4,1,1,72,3,1,0,0,0,0,0,0,0,0,0,0,1,4,20317,1,0,16,2,1,2,2,3,2,0.21,2
49,0,0,1,0,364,3,5,4,0,32,3,2,0,0,0,0,0,0,0,0,1,0,0,3,6651,3,1,20,2,0,0,3,3,2,0.65,3
33,0,0,0,1,437,16,3,2,0,90,3,2,0,0,0,0,0,0,0,0,0,1,0,2,16379,2,0,12,2,0,2,4,13,2,0.53,2
23,0,0,1,0,1242,20,3,4,0,90,3,2,0,0,0,0,0,0,0,0,0,1,0,3,12916,1,0,14,4,0,3,3,3,7,0.78,3
38,0,0,0,1,991,5,3,1,0,43,2,2,0,0,0,0,0,0,0,0,0,1,0,2,3356,1,1,13,2,1,2,2,4,0,0.11,1
24,0,1,0,0,966,1,4,4,0,53,3,3,0,0,0,0,0,0,1,0,0,0,0,3,9659,7,0,17,1,1,2,1,5,4,0.67,2
29,0,0,1,0,1003,5,3,1,0,51,3,2,0,0,0,0,0,0,0,0,0,1,0,3,20943,1,0,19,3,1,4,3,7,2,0.9,2
50,0,0,1,0,1496,1,1,4,0,41,3,2,0,0,0,0,0,0,1,0,0,0,0,3,26283,1,0,13,1,1,3,3,3,7,0.86,2
29,0,0,1,0,117,13,4,2,0,73,3,2,0,0,0,0,0,0,0,0,0,1,0,4,9250,2,0,11,3,1,2,2,3,2,0.78,2
42,1,0,1,0,920,24,3,4,0,43,3,1,0,0,1,0,0,0,0,0,0,0,0,3,19920,3,1,22,4,1,2,1,0,0,0.72,3
32,0,0,1,0,471,4,3,1,0,62,4,1,0,0,1,0,0,0,0,0,0,0,0,3,16031,8,0,12,2,1,4,2,3,2,0.0,2
44,0,0,1,0,1089,1,2,2,1,66,3,3,0,0,0,0,1,0,0,0,0,0,0,4,13320,3,1,14,3,1,2,1,12,4,0.17,2
30,0,0,1,0,1055,2,4,1,1,47,3,2,0,0,0,0,0,0,1,0,0,0,0,4,6877,0,0,18,2,1,4,3,13,2,0.32,2
32,0,0,0,1,394,26,2,3,0,92,3,4,0,0,0,0,1,0,0,0,0,0,0,4,19494,1,1,12,4,2,3,4,5,12,0.82,3
50,0,0,1,0,848,23,4,1,1,88,3,1,0,0,0,0,0,0,0,0,1,0,0,3,26076,1,0,12,4,2,5,3,5,2,0.24,2
36,1,1,0,0,1219,4,1,4,1,32,3,1,0,0,1,0,0,0,0,0,0,0,0,4,5674,1,1,15,2,1,3,4,9,7,0.19,3
46,0,0,1,0,496,11,2,1,0,60,3,2,1,0,0,0,0,0,0,0,0,0,0,1,22722,1,1,13,3,1,3,3,2,3,0.15,2
38,0,0,1,0,1182,11,2,4,0,54,3,2,0,0,0,0,0,0,0,0,0,1,0,4,18500,1,0,11,4,1,3,3,5,2,0.0,3
33,1,0,0,1,441,14,4,2,0,72,3,1,0,0,0,0,0,0,0,0,1,0,0,2,4682,9,1,18,1,3,6,3,7,4,0.04,2
38,0,1,0,0,192,2,4,3,1,32,3,1,0,0,0,0,0,0,0,0,1,0,0,4,7747,0,1,18,2,1,3,1,13,2,0.31,2
30,0,0,1,0,1395,9,4,2,1,48,3,2,0,0,0,0,0,0,0,0,1,0,0,3,18698,1,0,19,2,0,3,3,7,7,0.48,2
36,0,0,0,1,1172,3,3,2,0,78,3,1,0,0,0,0,0,0,0,0,0,0,1,2,4968,1,0,19,4,1,3,3,5,0,0.26,2
32,0,0,1,0,172,4,4,1,0,37,2,2,0,0,1,0,0,0,0,0,0,0,0,4,22604,1,0,16,3,0,0,2,11,4,0.78,2
44,1,0,1,0,693,3,2,1,0,65,3,2,0,0,0,0,0,0,0,0,0,1,0,3,24785,9,0,14,1,0,2,3,3,2,0.89,2
28,0,0,1,0,1387,10,5,2,0,76,3,2,0,0,0,0,0,0,1,0,0,0,0,1,3835,2,0,13,4,3,3,3,5,7,0.46,2
35,0,0,0,1,130,2,2,4,0,32,3,3,0,0,0,0,0,0,0,0,0,1,0,2,20619,7,0,16,3,0,2,3,5,0,0.76,3
35,0,0,1,0,147,4,4,3,1,47,2,1,0,0,0,0,0,0,0,0,1,0,0,2,13248,6,0,21,4,0,2,3,17,2,0.19,2
27,1,0,1,0,737,10,3,4,0,55,2,3,0,0,0,0,0,0,0,0,0,1,0,1,21530,9,0,17,3,0,3,3,8,12,0.63,2
35,0,0,0,1,1439,4,1,3,0,54,3,1,0,0,0,0,0,0,0,0,1,0,0,3,5182,7,1,15,4,0,2,3,2,4,0.0,3
40,0,0,1,0,164,2,2,2,0,61,2,3,0,0,0,0,0,0,0,0,0,1,0,3,19833,1,0,13,2,2,3,3,21,9,0.81,2
26,0,0,0,1,253,11,3,1,0,43,3,1,0,0,0,0,0,0,0,0,1,0,0,2,24440,1,0,13,4,1,3,3,7,1,0.9,2
32,0,0,1,0,721,1,2,3,1,58,3,2,0,0,1,0,0,0,0,0,0,0,0,4,10781,1,0,23,4,0,3,3,6,8,0.0,3
27,0,0,1,0,218,7,3,2,1,100,4,2,0,0,0,0,0,0,0,0,0,1,0,4,12241,4,0,11,2,1,3,2,6,7,0.0,2
35,0,0,1,0,922,1,5,1,0,95,4,4,0,0,0,0,0,0,0,1,0,0,0,3,22578,4,0,19,3,1,3,3,3,1,0.84,2
26,0,0,0,1,1404,1,3,1,1,59,2,1,0,0,0,0,0,0,0,0,0,0,1,1,11473,4,0,14,1,0,6,2,6,0,0.44,1
30,0,0,1,0,1400,7,3,4,0,49,1,3,0,0,0,0,0,0,1,0,0,0,0,4,21698,4,0,11,1,0,2,2,7,4,0.67,2
38,0,0,1,0,1441,22,3,1,1,94,2,1,0,0,0,0,0,0,0,0,1,0,0,2,23737,5,0,12,4,1,5,3,11,2,0.86,2
40,0,0,1,0,168,4,2,4,0,33,2,5,0,0,0,0,1,0,0,0,0,0,0,2,9946,2,0,14,3,1,3,3,8,4,0.0,2
32,0,0,0,1,188,7,4,2,0,65,3,1,0,0,0,0,0,0,0,0,1,0,0,4,23293,2,0,18,3,0,3,3,7,2,0.0,3
35,0,0,1,0,775,15,3,4,0,47,2,2,0,0,0,0,0,0,0,0,0,1,0,4,23683,3,0,18,3,1,3,3,3,2,0.0,3
24,0,0,1,0,566,7,2,4,0,75,3,3,0,0,0,0,0,0,1,0,0,0,0,3,24208,6,0,13,2,1,4,3,4,7,0.2,3
39,0,0,1,0,304,2,3,4,1,60,3,2,0,0,0,0,0,0,0,0,0,1,0,4,18686,1,0,22,3,0,3,3,21,5,0.32,3
43,0,0,1,0,511,3,2,4,0,32,1,2,0,0,0,0,0,0,0,0,0,1,0,4,25353,5,0,12,1,0,3,3,5,2,0.92,2
31,1,0,0,1,984,17,2,4,0,97,3,1,0,0,1,0,0,0,0,0,0,0,0,2,5617,1,0,13,1,1,4,1,8,0,0.4,2
52,1,0,1,0,1089,7,2,4,1,79,3,2,0,0,1,0,0,0,0,0,0,0,0,3,22845,1,0,18,1,1,3,3,2,4,0.86,2
30,0,0,1,0,1099,4,4,1,0,82,2,1,0,0,1,0,0,0,0,0,0,0,0,2,8192,8,0,11,4,0,2,3,10,4,0.04,2
42,0,0,0,1,711,5,4,2,0,42,3,3,1,0,0,0,0,0,0,0,0,0,0,1,22792,4,0,12,3,2,4,3,0,2,0.0,2
42,1,1,0,0,1259,2,4,4,0,95,3,1,0,0,1,0,0,0,0,0,0,0,0,2,24852,1,0,12,1,0,1,3,6,0,0.88,2
46,1,0,1,0,307,29,2,3,1,71,2,1,0,0,1,0,0,0,0,0,0,0,0,2,13225,0,0,11,2,0,3,4,19,4,0.12,2
52,0,0,1,0,1316,29,3,3,0,83,3,1,0,0,0,0,0,0,0,0,1,0,0,4,10445,5,0,13,2,0,4,2,8,5,0.07,2
38,0,0,1,0,330,1,3,3,0,46,3,1,0,1,0,0,0,0,0,0,0,0,0,3,15428,0,0,21,1,1,3,4,11,3,0.25,2
33,0,0,1,0,427,8,3,1,1,63,4,3,0,0,0,0,0,0,0,1,0,0,0,1,20335,9,0,14,1,1,3,3,3,7,0.87,2
32,0,0,0,1,390,1,4,4,1,32,1,2,1,0,0,0,0,0,0,0,0,0,0,3,17056,2,1,13,4,1,3,3,8,3,0.78,3
45,0,1,0,0,447,2,3,4,0,39,4,4,0,0,0,0,0,0,0,1,0,0,0,2,19764,4,0,12,2,0,3,2,9,8,0.82,2
34,0,0,0,1,383,1,5,1,0,79,3,2,0,0,0,0,0,0,0,0,0,1,0,3,9282,7,0,12,3,1,3,2,9,0,0.35,2
39,0,0,1,0,1017,6,4,2,1,82,1,2,0,0,0,0,0,0,0,0,1,0,0,4,19368,1,0,13,2,0,6,3,4,11,0.0,2
35,0,0,1,0,995,2,1,1,1,87,3,2,1,0,0,0,0,0,0,0,0,0,0,4,24483,1,0,19,4,1,2,4,3,4,0.8,3
55,0,0,1,0,969,2,2,4,0,76,4,1,0,0,1,0,0,0,0,0,0,0,0,2,16620,5,0,11,3,0,3,2,7,0,0.0,3
39,0,0,1,0,1015,5,5,3,0,50,1,2,0,0,1,0,0,0,0,0,0,0,0,1,23447,1,1,14,1,0,4,3,15,7,0.86,1
28,1,1,0,0,238,5,2,1,0,47,4,1,0,0,0,0,0,0,0,0,1,0,0,3,15318,3,1,14,1,0,2,3,10,1,0.43,2
32,1,1,0,0,575,22,2,3,0,68,2,2,0,0,0,0,0,0,0,0,0,1,0,3,6110,2,1,12,1,2,3,3,3,4,0.67,2
32,0,0,1,0,1130,3,3,4,0,66,3,2,0,0,0,0,0,0,0,0,1,0,0,2,19332,1,0,12,3,1,2,3,5,8,0.84,3
49,1,0,1,0,1445,1,5,3,0,100,4,3,0,0,0,0,0,0,1,0,0,0,0,2,18711,1,0,11,1,0,2,3,1,8,0.52,2
48,0,0,1,0,921,1,1,1,1,66,2,1,0,0,0,0,0,0,0,0,1,0,0,3,25265,1,0,13,3,2,3,3,8,3,0.0,2
32,0,0,1,0,1318,10,4,4,0,79,3,2,0,0,0,0,0,0,0,0,0,1,0,4,26075,8,0,13,3,0,3,4,9,0,0.0,3
34,0,1,0,0,1103,16,3,3,0,49,3,1,0,0,0,0,0,0,0,0,1,0,0,3,2122,1,0,14,3,0,3,2,3,3,0.0,2
43,0,0,0,1,116,24,1,1,1,52,3,2,0,0,0,0,0,0,0,0,1,0,0,4,10820,7,0,13,1,0,1,3,8,7,0.51,2
34,0,0,1,0,1010,1,3,1,1,97,3,1,0,0,0,0,0,0,0,0,1,0,0,4,15402,1,0,15,1,3,3,3,3,2,0.64,2
33,1,0,1,0,1162,3,2,4,0,41,3,2,0,0,0,0,0,0,0,0,0,1,0,3,17778,4,1,18,1,0,2,2,10,0,0.8,2
60,1,0,1,0,504,10,3,1,0,61,3,3,0,0,0,0,0,0,1,0,0,0,0,3,22573,6,0,11,2,2,3,3,11,0,0.77,2
34,0,0,1,0,855,4,3,4,1,54,3,3,0,0,0,0,0,0,1,0,0,0,0,4,18706,1,0,11,3,0,6,3,11,9,0.38,3
29,0,0,1,0,827,1,4,2,0,33,4,2,1,0,0,0,0,0,0,0,0,0,0,4,19383,0,0,13,3,0,2,2,9,7,0.66,3
51,0,0,1,0,271,3,2,3,1,43,2,2,0,0,1,0,0,0,0,0,0,0,0,1,23070,4,0,25,1,1,1,3,5,2,0.43,2
37,0,0,1,0,999,26,1,1,0,92,2,1,0,0,0,0,0,0,0,0,1,0,0,3,15891,1,0,20,3,3,3,3,3,4,0.87,2
39,0,0,1,0,1189,3,3,3,0,87,3,3,0,0,0,0,0,0,0,0,0,1,0,4,14506,2,0,12,1,0,2,3,12,3,0.0,2
32,0,0,0,1,267,21,3,2,1,79,4,1,0,0,1,0,0,0,0,0,0,0,0,2,13637,1,0,18,4,3,2,3,9,11,0.34,3
28,0,0,1,0,447,5,3,2,0,85,4,2,1,0,0,0,0,0,0,0,0,0,0,2,15530,3,0,12,1,0,2,1,8,2,0.69,2
43,0,0,1,0,244,2,3,2,0,97,3,1,0,1,0,0,0,0,0,0,0,0,0,4,17603,0,0,13,2,0,3,3,14,7,0.71,2
24,0,0,1,0,528,8,4,3,0,100,3,1,0,1,0,0,0,0,0,0,0,0,0,3,7108,1,0,17,2,0,2,1,1,4,0.7,2
30,1,0,0,1,266,2,1,1,1,57,1,5,0,0,0,0,1,0,0,0,0,0,0,4,25846,1,0,15,4,1,2,3,1,14,0.92,2
51,0,0,1,0,555,26,3,3,0,77,3,4,0,0,0,0,0,0,0,0,0,1,0,2,14864,5,0,14,4,1,3,4,10,4,0.0,3
26,0,0,0,1,589,2,4,3,1,67,3,2,0,0,0,0,0,0,0,0,0,1,0,3,19665,4,0,22,2,2,2,4,7,7,0.86,3
34,0,0,1,0,702,1,4,1,0,59,2,2,0,0,0,0,0,0,0,0,0,1,0,4,12930,4,0,22,3,0,3,4,4,3,0.0,2
28,0,0,1,0,976,3,2,3,0,48,3,1,0,0,0,0,0,0,0,0,1,0,0,1,3995,1,1,13,4,1,4,4,3,2,0.13,3
37,0,1,0,0,124,2,3,3,1,38,2,3,0,0,0,0,0,0,0,0,0,1,0,2,23537,2,0,12,1,1,2,3,5,7,0.0,2
47,0,1,0,0,1186,3,4,3,1,44,3,1,0,0,0,0,0,0,0,0,1,0,0,3,11957,3,0,16,1,1,3,3,13,2,0.75,2
44,1,0,1,0,1122,6,3,4,0,70,3,1,0,0,1,0,0,0,0,0,0,0,0,1,5743,7,1,21,4,0,3,1,10,2,0.25,2
42,0,0,1,0,929,10,3,4,1,55,3,2,0,0,0,0,0,0,0,0,0,1,0,4,21703,1,0,12,4,0,2,2,1,7,0.89,3
32,0,0,1,0,1002,18,4,4,0,92,3,2,0,0,0,0,0,0,1,0,0,0,0,4,23793,1,1,15,1,2,2,3,14,7,0.56,3
29,0,0,0,1,525,6,4,1,0,66,4,2,0,0,0,0,0,0,0,0,0,1,0,4,6219,4,0,22,4,2,3,4,7,7,0.31,3
33,0,0,1,0,829,1,1,3,1,88,2,3,0,0,0,0,0,0,1,0,0,0,0,3,20925,1,0,22,3,0,3,3,9,8,0.77,2
30,0,0,1,0,809,16,3,1,0,84,4,1,0,0,1,0,0,0,0,0,0,0,0,2,16479,0,0,13,3,1,2,3,11,4,0.61,2
30,1,0,1,0,887,5,2,3,1,88,2,1,0,0,0,0,0,0,0,0,1,0,0,3,20898,1,1,14,1,1,3,3,3,7,0.77,2
53,0,0,1,0,219,16,2,4,1,44,2,2,0,0,0,0,0,0,1,0,0,0,0,2,25388,0,1,11,4,0,3,3,25,2,0.39,3
47,0,0,1,0,559,10,4,3,0,82,2,2,0,0,1,0,0,0,0,0,0,0,0,3,6227,1,0,11,2,1,2,4,7,7,0.64,2
54,0,0,0,1,1311,2,3,3,1,97,3,4,0,0,0,1,0,0,0,0,0,0,0,4,23258,2,1,13,3,0,3,3,5,4,0.55,3
27,0,1,0,0,1373,5,4,4,0,56,2,2,0,0,0,0,0,0,1,0,0,0,0,4,10138,8,0,24,2,0,3,3,1,0,0.75,3
32,0,0,1,0,346,6,3,4,0,86,3,2,0,0,1,0,0,0,0,0,0,0,0,4,10919,2,0,17,4,0,3,3,10,2,0.43,3
28,0,1,0,0,1231,21,2,3,0,54,3,1,0,0,0,0,0,0,0,0,0,0,1,4,21222,5,0,15,2,1,3,3,5,4,0.9,3
26,0,0,1,0,1198,1,4,3,0,100,2,1,0,0,0,0,0,0,0,0,1,0,0,1,3955,3,1,11,2,0,2,3,5,2,0.16,2
47,0,0,1,0,1322,2,4,3,1,52,2,1,0,0,0,0,0,0,0,0,1,0,0,3,17169,2,0,14,4,0,2,3,20,2,0.84,3
49,0,0,1,0,201,10,3,2,0,99,1,3,0,0,0,0,0,0,0,1,0,0,0,3,10466,3,0,12,1,1,3,3,8,16,0.68,2
36,0,0,1,0,1325,11,4,4,1,82,3,2,0,0,1,0,0,0,0,0,0,0,0,3,21821,8,0,20,2,1,5,3,1,2,0.69,3
31,0,0,1,0,1092,10,3,1,0,64,3,3,0,0,0,0,0,0,1,0,0,0,0,3,3067,9,0,14,2,0,1,3,2,7,0.11,2
26,0,0,1,0,319,24,3,4,0,56,3,3,0,0,0,0,0,0,1,0,0,0,0,1,6950,1,1,21,4,1,3,2,4,9,0.0,2
50,0,0,1,0,107,10,3,2,0,84,2,2,0,0,0,0,0,0,0,0,0,1,0,2,17046,7,0,12,2,1,2,4,4,1,0.32,2
32,0,0,1,0,588,8,2,3,0,65,2,2,0,0,0,0,0,0,0,0,0,1,0,2,24624,1,1,11,4,0,3,3,1,12,0.0,2
33,0,1,0,0,1146,25,3,2,0,82,3,2,0,0,0,0,0,0,0,0,0,1,0,3,17444,1,0,12,1,1,2,2,10,7,0.72,2
22,1,0,1,0,896,18,1,3,0,86,2,1,0,0,0,0,0,0,0,0,1,0,0,4,14961,1,1,13,3,0,3,2,4,3,0.0,2
36,0,0,1,0,1179,19,4,4,0,78,2,1,0,0,1,0,0,0,0,0,0,0,0,1,12449,1,0,12,3,3,2,3,10,5,0.0,2
31,0,0,1,0,102,23,4,4,0,72,3,4,0,0,0,0,0,0,0,1,0,0,0,4,20206,6,0,18,3,0,2,3,6,9,0.88,3
36,0,0,1,0,154,7,4,2,1,41,2,1,0,0,0,0,0,0,0,0,0,0,1,3,11737,3,0,15,2,0,3,4,1,7,0.71,2
39,1,0,1,0,959,1,4,4,1,81,3,2,0,0,0,0,0,0,0,0,0,1,0,3,17251,3,1,14,4,0,1,3,3,0,0.87,3
56,0,0,1,0,1223,8,3,3,1,59,3,3,1,0,0,0,0,0,0,0,0,0,0,3,8202,1,0,13,2,3,3,3,2,14,0.48,2
37,0,0,1,0,618,4,3,2,0,76,3,1,0,0,0,0,0,0,0,0,1,0,0,3,17808,1,0,19,3,0,2,3,8,1,0.62,2
32,0,0,1,0,750,28,3,2,1,46,4,2,0,0,1,0,0,0,0,0,0,0,0,3,25348,1,0,17,4,2,1,2,10,9,0.61,3
54,0,0,1,0,638,1,3,3,0,40,2,3,1,0,0,0,0,0,0,0,0,0,0,1,17779,2,1,13,3,1,3,2,10,9,0.82,2
51,0,0,1,0,1142,23,4,3,0,30,3,1,0,0,1,0,0,0,0,0,0,0,0,1,19537,3,1,15,3,1,5,3,20,2,0.18,2
26,0,0,1,0,1276,2,1,4,1,59,1,1,0,0,1,0,0,0,0,0,0,0,0,4,17536,1,1,11,3,3,2,3,4,0,0.83,3
43,1,0,1,0,1337,22,3,1,0,58,2,1,0,1,0,0,0,0,0,0,0,0,0,2,19555,1,0,12,1,0,3,3,9,0,0.82,1
36,0,0,1,0,932,1,2,4,0,43,2,2,0,0,0,0,0,0,1,0,0,0,0,4,4051,9,1,13,4,1,2,3,3,3,0.0,3
20,1,0,0,1,660,15,3,1,1,81,3,2,0,0,1,0,0,0,0,0,0,0,0,3,7858,7,0,14,2,1,5,2,1,0,0.63,2
38,0,0,0,1,1443,11,5,4,1,89,2,2,0,0,0,0,0,0,0,0,0,1,0,1,20328,4,0,16,3,1,3,3,4,0,0.88,2
29,0,0,0,1,1031,6,4,3,1,45,2,2,0,0,0,0,0,0,0,0,1,0,0,2,15000,6,0,15,3,1,5,3,11,0,0.47,2
37,1,0,1,0,1060,1,3,4,0,54,3,1,0,0,0,0,0,0,0,0,0,0,1,2,8319,1,1,11,1,0,3,4,7,2,0.28,2
31,0,0,1,0,1224,7,4,3,0,55,3,2,0,0,0,0,0,0,0,0,0,1,0,4,13586,1,1,11,4,0,3,3,5,8,0.15,3
48,0,0,1,0,791,2,2,3,0,38,4,2,1,0,0,0,0,0,0,0,0,0,0,2,9931,1,0,24,4,1,2,3,1,7,0.46,3
35,0,0,1,0,1405,11,2,4,1,82,2,4,0,0,0,0,0,0,1,0,0,0,0,2,24439,3,0,16,2,0,3,2,16,2,0.57,2
32,0,0,0,1,440,21,3,3,1,42,3,1,0,0,0,0,0,0,0,0,1,0,0,4,6672,1,0,11,3,1,2,1,4,2,0.64,2
27,0,0,1,0,801,1,4,3,1,48,3,3,0,0,0,0,0,0,0,0,0,1,0,4,24032,1,0,19,3,2,2,3,3,10,0.82,3
31,0,0,0,1,977,10,3,4,1,45,4,1,0,0,0,0,0,0,0,0,1,0,0,3,12826,2,0,16,4,1,4,3,1,2,0.67,3
29,0,0,1,0,1240,9,3,1,1,63,3,1,0,0,0,0,0,0,0,0,1,0,0,3,12154,2,0,19,2,1,5,3,4,4,0.79,2
40,1,0,1,0,109,5,3,2,1,60,3,1,0,0,1,0,0,0,0,0,0,0,0,2,25725,0,0,17,1,0,4,3,11,2,0.78,2
30,0,0,1,0,300,2,3,1,0,56,3,5,0,0,0,1,0,0,0,0,0,0,0,3,17312,5,0,11,1,0,2,2,11,6,0.79,2
32,0,0,1,0,1344,7,3,4,1,37,4,1,0,0,0,0,0,0,0,0,1,0,0,4,5228,4,0,14,4,3,4,4,8,4,0.55,4
30,0,0,1,0,1225,2,4,4,1,61,3,2,1,0,0,0,0,0,0,0,0,0,0,1,5238,2,0,11,1,1,3,4,1,0,0.09,2
51,0,0,1,0,1179,16,4,1,0,84,3,2,0,0,0,0,0,0,0,0,0,1,0,1,11924,8,0,14,4,0,2,3,10,2,0.54,2
48,0,1,0,0,1137,21,1,4,0,51,3,2,1,0,0,0,0,0,0,0,0,0,0,4,19170,1,1,25,4,1,3,1,5,6,0.12,3
35,0,0,1,0,1093,6,4,2,0,87,3,2,0,0,0,0,0,0,0,0,0,1,0,3,24301,1,0,16,1,0,2,3,5,8,0.82,2
34,1,1,0,0,1329,7,3,1,0,73,3,1,0,0,1,0,0,0,0,0,0,0,0,1,3339,3,1,14,2,0,2,1,0,2,0.11,1
35,0,0,1,0,1214,1,3,2,0,30,2,1,0,0,0,0,0,0,0,0,1,0,0,3,26278,1,0,18,1,0,5,3,1,4,0.75,2
38,0,0,1,0,735,3,1,4,1,75,2,2,0,0,0,0,0,0,0,0,0,1,0,4,16495,3,1,12,3,0,6,2,5,2,0.53,3
55,0,0,0,1,977,2,3,4,0,45,3,2,0,0,0,0,0,0,0,0,1,0,0,2,25518,0,0,13,3,2,3,2,8,5,0.75,2
29,0,0,1,0,1084,29,3,4,0,54,3,2,0,0,0,0,0,0,1,0,0,0,0,4,4185,3,0,18,1,1,3,1,4,7,0.0,2
32,1,1,0,0,1366,24,2,2,0,72,2,3,1,0,0,0,0,0,0,0,0,0,0,1,12355,1,0,12,1,0,2,2,3,7,0.64,1
39,0,0,0,1,541,2,1,3,0,62,3,1,0,0,0,0,0,0,0,0,0,0,1,1,10209,3,0,13,3,1,2,3,2,0,0.07,2
42,0,0,0,1,543,1,4,1,0,83,3,1,0,0,1,0,0,0,0,0,0,0,0,4,13758,8,0,19,3,2,2,2,6,0,0.7,2
39,0,1,0,0,574,20,1,4,1,40,3,1,0,0,1,0,0,0,0,0,0,0,0,4,7003,1,0,13,2,0,2,4,1,8,0.48,3
39,0,0,1,0,439,9,3,3,1,70,3,2,0,0,1,0,0,0,0,0,0,0,0,2,17123,9,0,15,3,0,4,2,19,4,0.49,2
54,0,0,1,0,812,10,3,4,1,69,2,1,0,0,0,0,0,0,0,0,0,0,1,3,9724,1,0,12,1,0,3,3,1,0,0.61,2
45,0,0,1,0,1145,9,3,2,1,75,2,1,0,0,0,0,0,0,0,0,1,0,0,2,11873,4,1,20,2,1,3,2,3,0,0.62,2
33,0,0,1,0,706,2,2,4,0,82,3,3,0,0,0,0,0,0,1,0,0,0,0,4,19989,3,0,14,3,1,3,2,11,8,0.76,3
36,0,0,1,0,538,25,2,1,0,54,2,2,0,0,1,0,0,0,0,0,0,0,0,4,14004,4,0,14,4,0,6,3,0,2,0.0,2
35,0,0,0,1,391,15,2,3,0,96,3,1,0,0,0,0,0,0,0,0,1,0,0,4,19281,1,0,14,4,0,2,3,3,0,0.89,3
40,0,0,1,0,959,28,3,1,1,41,2,2,0,0,0,0,0,0,0,0,0,1,0,3,24835,2,0,18,4,0,3,3,7,2,0.82,2
31,0,0,1,0,678,19,3,2,1,35,2,1,0,0,0,0,0,0,0,0,1,0,0,4,20338,1,0,12,2,0,3,3,9,9,0.0,2
36,0,0,1,0,1469,1,2,4,0,82,3,1,0,0,1,0,0,0,0,0,0,0,0,2,17881,1,0,11,2,1,6,3,11,2,0.86,2
40,0,0,1,0,854,1,4,4,0,68,3,5,0,0,0,0,1,0,0,0,0,0,0,4,24118,3,0,11,3,1,3,2,15,0,0.82,3
36,0,0,0,1,799,1,3,2,1,59,3,3,0,0,0,0,0,0,1,0,0,0,0,4,23848,4,0,17,4,0,6,4,9,5,0.59,3
39,0,1,0,0,1037,1,3,2,0,42,3,1,0,0,0,0,0,0,0,0,1,0,0,4,13422,6,1,12,3,0,3,3,9,3,0.34,3
28,1,0,1,0,374,25,4,1,0,87,3,1,0,0,1,0,0,0,0,0,0,0,0,4,18016,1,1,24,3,0,3,1,5,0,0.89,2
26,0,0,1,0,891,4,2,2,0,99,2,2,0,0,0,0,0,0,0,0,0,1,0,4,12090,1,1,11,2,0,3,3,8,4,0.76,2
55,0,0,1,0,1358,24,1,4,1,67,3,1,0,0,1,0,0,0,0,0,0,0,0,3,16659,1,0,22,2,1,2,3,5,0,0.2,3
43,0,0,0,1,1169,14,4,3,0,64,3,2,0,0,0,0,0,0,0,0,1,0,0,2,2655,8,0,18,3,1,3,4,9,7,0.2,3
37,0,1,0,0,1211,5,4,1,0,98,3,2,0,0,0,0,0,0,0,0,0,1,0,4,20445,4,1,21,3,0,3,3,10,6,0.0,2
26,0,0,0,1,131,2,3,3,0,86,3,2,0,0,0,0,0,0,0,0,0,1,0,1,6039,0,1,12,4,0,3,3,6,2,0.49,2
28,0,0,1,0,1144,7,4,3,0,30,3,2,0,0,0,0,0,0,1,0,0,0,0,3,16044,2,0,14,3,0,0,4,5,0,0.71,3
20,0,0,1,0,141,3,1,3,0,98,3,2,0,0,0,0,0,0,0,0,0,1,0,1,14363,1,1,18,4,0,2,3,2,3,0.84,2
34,0,1,0,0,616,2,2,3,0,99,3,1,0,0,1,0,0,0,0,0,0,0,0,1,25605,4,0,17,4,1,2,2,5,3,0.91,2
33,0,0,1,0,196,29,4,1,0,91,2,2,0,0,0,0,0,0,0,0,0,1,0,4,14118,1,0,14,1,2,3,3,1,7,0.05,2
33,0,0,1,0,228,6,4,3,0,98,3,2,0,0,0,0,0,0,0,0,0,1,0,4,22825,4,0,14,2,1,6,4,0,4,0.72,3
32,0,0,1,0,1184,1,3,3,0,70,2,1,0,0,1,0,0,0,0,0,0,0,0,2,3974,6,0,20,3,0,3,3,2,0,0.0,2
52,0,0,1,0,316,8,4,4,1,54,3,1,0,0,0,0,0,0,0,0,0,0,1,2,9983,7,0,15,4,1,3,3,5,2,0.68,3
45,0,0,1,0,1046,10,3,4,0,100,2,3,1,0,0,0,0,0,0,0,0,0,0,4,3697,6,0,15,4,0,3,3,10,3,0.25,3
44,0,0,1,0,1239,13,4,4,0,39,3,3,0,0,0,0,0,0,0,0,0,1,0,3,22914,1,0,18,3,1,5,2,22,7,0.21,3
35,0,0,1,0,1303,7,2,4,0,36,3,2,1,0,0,0,0,0,0,0,0,0,0,3,18079,1,0,20,3,3,2,3,8,7,0.58,3
39,1,0,1,0,448,12,4,2,0,74,2,1,0,0,0,0,0,0,0,0,0,0,1,1,14470,1,0,18,3,1,2,4,2,0,0.73,2
44,0,0,1,0,805,3,3,1,0,87,2,1,0,0,1,0,0,0,0,0,0,0,0,3,19190,1,0,12,1,0,4,2,25,2,0.33,1
37,0,0,1,0,955,4,2,4,0,83,3,2,0,0,0,0,0,0,0,0,0,1,0,4,8571,1,1,17,3,0,4,3,10,0,0.51,3
46,0,1,0,0,688,4,2,4,1,97,3,2,0,0,0,0,0,0,1,0,0,0,0,2,9192,7,0,13,2,3,2,3,1,2,0.43,2
50,0,0,0,1,258,8,4,3,0,54,3,1,0,0,1,0,0,0,0,0,0,0,0,1,17363,9,0,13,3,0,4,1,0,4,0.73,2
31,0,0,1,0,1040,3,2,4,0,79,4,2,1,0,0,0,0,0,0,0,0,0,0,1,26308,6,0,20,1,1,3,3,5,4,0.71,2
31,0,0,0,1,1312,2,4,4,1,78,2,1,0,0,0,0,0,0,0,0,1,0,0,1,26427,0,0,16,4,0,2,3,10,7,0.72,2
39,0,0,1,0,160,3,3,3,0,71,3,1,0,0,0,0,0,0,0,0,1,0,0,3,22653,1,0,20,3,1,3,3,10,0,0.77,3
24,0,0,1,0,1398,22,4,3,0,69,3,3,0,0,0,0,0,0,0,0,0,1,0,1,2890,0,0,11,3,0,2,3,2,8,0.04,2
53,0,0,1,0,1202,2,1,2,0,89,4,2,1,0,0,0,0,0,0,0,0,0,0,3,16598,5,0,20,2,3,2,3,9,11,0.16,2
53,0,0,1,0,1327,2,2,4,0,39,2,2,0,0,0,0,0,0,0,0,0,1,0,4,19682,3,0,18,4,1,3,3,17,7,0.25,3
29,1,0,1,0,1107,9,4,1,0,52,3,1,0,1,0,0,0,0,0,0,0,0,0,3,8620,1,0,15,4,0,3,3,10,2,0.64,2
27,0,0,1,0,657,27,3,2,0,66,3,2,1,0,0,0,0,0,0,0,0,0,0,3,25549,4,0,12,1,1,3,2,9,7,0.0,2
32,0,0,1,0,167,8,5,2,0,32,3,2,0,0,0,0,0,0,1,0,0,0,0,1,4187,3,0,14,3,1,5,3,6,0,0.48,2
33,0,0,0,1,1234,11,2,4,1,90,3,4,0,0,0,0,1,0,0,0,0,0,0,4,5404,3,0,13,2,1,3,4,3,3,0.2,3
34,0,0,1,0,1111,5,1,2,1,61,3,2,0,0,0,0,0,0,0,0,0,1,0,4,19293,6,0,13,1,0,3,4,10,4,0.85,2
35,0,0,1,0,728,23,1,2,1,36,2,2,0,0,0,0,0,0,0,0,0,0,1,3,7018,1,0,21,4,1,3,3,6,8,0.64,2
35,0,0,1,0,583,4,2,3,0,53,3,1,0,0,0,0,0,0,0,0,1,0,0,4,9973,1,1,20,2,0,3,2,4,5,0.0,2
38,0,0,1,0,1222,11,4,4,0,48,3,1,0,0,0,0,0,0,0,0,1,0,0,4,14871,3,1,19,2,1,1,3,1,4,0.54,3
34,0,0,1,0,188,29,3,2,1,56,1,2,0,0,1,0,0,0,0,0,0,0,0,4,9558,4,0,19,1,0,1,3,3,0,0.32,2
46,0,0,1,0,1115,1,3,1,1,73,3,5,0,0,0,0,0,0,0,1,0,0,0,2,17048,3,1,19,1,0,3,2,5,3,0.43,1
34,0,0,0,1,1339,5,3,2,0,41,3,3,0,0,0,0,0,0,0,0,0,1,0,4,17007,2,0,12,3,1,3,3,14,9,0.53,3
20,0,0,1,0,267,10,2,4,1,56,3,2,0,0,0,0,0,0,0,0,0,1,0,4,13430,7,0,14,4,0,3,3,1,3,0.83,3
27,0,0,1,0,310,10,1,1,1,79,4,1,0,0,0,0,0,0,0,0,1,0,0,3,19630,1,0,18,4,0,5,3,6,2,0.0,3
52,0,0,1,0,213,7,3,3,0,49,3,3,0,0,0,0,0,0,0,1,0,0,0,3,25995,0,0,11,4,0,3,4,10,9,0.79,3
38,0,0,1,0,691,23,3,2,0,89,4,1,0,0,0,0,0,0,0,0,1,0,0,4,21630,1,1,11,2,2,0,3,1,5,0.86,3
35,0,0,1,0,334,5,2,1,0,80,4,1,0,0,0,0,0,0,0,0,1,0,0,2,15053,0,1,12,4,2,0,2,2,2,0.72,2
34,0,0,0,1,1440,7,2,2,0,55,3,1,0,0,0,0,0,0,0,0,0,0,1,3,5747,0,1,25,2,1,3,3,15,10,0.14,2
47,0,0,1,0,833,1,3,3,1,96,3,1,0,0,0,0,0,0,0,0,1,0,0,4,23231,1,0,11,2,0,3,2,5,0,0.15,2
37,0,0,1,0,1261,2,4,4,1,88,3,2,0,0,0,0,0,0,1,0,0,0,0,3,7259,9,0,14,2,0,3,3,1,0,0.34,3
43,0,0,1,0,1421,2,3,4,0,30,3,4,0,0,0,1,0,0,0,0,0,0,0,1,9490,2,0,22,3,1,3,3,5,2,0.56,2
28,1,0,1,0,1005,3,3,4,0,88,3,1,0,0,0,0,0,0,0,0,1,0,0,1,8556,5,1,11,3,0,2,3,4,2,0.72,2
41,0,0,1,0,1311,7,3,2,0,100,4,1,0,0,1,0,0,0,0,0,0,0,0,2,26062,1,0,20,3,0,3,1,10,1,0.0,2
45,0,0,1,0,182,1,4,2,0,72,4,1,0,0,0,0,0,0,0,0,1,0,0,4,19202,2,0,16,3,0,2,3,24,2,0.29,3
25,0,0,1,0,817,1,3,4,0,60,2,2,0,0,1,0,0,0,0,0,0,0,0,4,10846,0,0,12,2,1,2,3,5,7,0.63,3
34,0,0,1,0,335,23,2,4,1,37,2,2,0,0,0,0,0,0,0,0,1,0,0,3,14811,1,0,12,4,0,5,3,5,9,0.85,3
38,0,0,1,0,584,22,5,2,0,91,3,4,0,0,0,1,0,0,0,0,0,0,0,3,18685,3,0,25,3,1,3,3,7,8,0.71,2
53,0,0,1,0,845,1,5,4,0,45,3,2,0,0,0,0,0,0,0,0,0,1,0,4,15276,4,0,15,2,0,3,3,5,0,0.03,3
33,1,0,0,1,667,1,4,2,1,50,1,1,0,0,0,0,0,0,0,0,0,0,1,3,16154,1,0,12,2,0,3,3,5,0,0.67,2
35,0,0,1,0,1276,16,3,4,0,72,3,3,1,0,0,0,0,0,0,0,0,0,0,3,14295,4,1,12,3,0,2,3,5,7,0.81,3
41,0,0,1,0,1485,25,2,3,0,71,3,3,1,0,0,0,0,0,0,0,0,0,0,3,6646,3,0,21,2,1,3,3,17,4,0.48,2
44,0,0,1,0,322,28,2,4,0,59,4,4,0,0,0,0,0,0,1,0,0,0,0,3,9731,2,1,11,2,1,2,2,2,3,0.0,3
32,1,0,1,0,530,3,1,3,0,51,2,3,0,0,0,0,0,0,0,0,0,1,0,4,5518,1,1,11,1,1,5,3,5,7,0.0,2
47,0,0,0,1,252,2,3,2,0,95,2,1,0,0,0,0,0,0,0,0,1,0,0,3,6153,1,0,14,4,0,3,3,19,0,0.18,2
31,0,0,1,0,663,11,3,2,1,47,3,3,0,0,0,0,0,0,0,1,0,0,0,4,10056,1,1,14,3,3,5,3,13,8,0.57,3
44,0,0,0,1,121,2,4,3,0,86,2,1,0,0,0,0,0,0,0,0,1,0,0,1,7530,1,0,11,3,0,0,3,1,5,0.58,2
31,0,0,1,0,1441,17,3,3,0,56,3,3,0,0,0,0,0,0,1,0,0,0,0,3,13943,8,0,11,3,1,2,3,0,7,0.39,3
39,1,0,0,1,1150,8,4,1,0,53,1,3,0,0,0,0,0,0,1,0,0,0,0,4,25150,2,0,15,4,0,3,3,2,2,0.84,2
50,0,0,1,0,430,24,4,1,0,80,3,2,0,0,1,0,0,0,0,0,0,0,0,4,21146,1,0,15,4,2,2,3,3,8,0.87,3
35,0,0,0,1,722,25,4,3,1,84,3,1,0,0,1,0,0,0,0,0,0,0,0,1,22102,1,0,14,4,1,0,2,4,6,0.79,2
58,0,0,0,1,1147,3,3,4,0,52,3,2,0,0,0,0,0,0,0,0,0,1,0,1,17011,2,0,14,4,1,3,3,2,2,0.07,3
55,0,0,1,0,692,11,3,4,0,73,3,2,0,0,1,0,0,0,0,0,0,0,0,3,26849,1,0,11,1,1,2,4,5,9,0.26,3
34,0,0,1,0,917,6,4,3,1,60,1,1,0,0,1,0,0,0,0,0,0,0,0,3,6865,1,0,14,3,1,3,3,3,7,0.66,2
40,0,0,1,0,430,2,4,4,1,73,3,2,0,0,0,0,0,0,0,0,1,0,0,2,19573,4,1,22,4,1,2,3,4,0,0.0,3
36,0,0,1,0,589,9,2,2,0,46,2,2,0,0,0,0,0,0,0,0,0,1,0,2,8800,1,0,14,1,2,3,3,1,2,0.73,2
34,0,0,1,0,192,1,2,1,0,59,2,1,0,0,1,0,0,0,0,0,0,0,0,1,11141,1,0,16,1,2,2,3,4,3,0.64,1
34,0,0,1,0,287,5,2,2,0,73,3,1,0,0,0,0,0,0,0,0,1,0,0,4,13493,1,0,15,4,0,2,3,5,0,0.68,3
28,0,0,1,0,1469,20,4,4,0,51,3,1,0,0,0,0,0,0,0,0,1,0,0,3,5543,4,0,17,1,2,2,2,6,0,0.42,2
33,0,1,0,0,461,1,3,4,0,70,4,2,1,0,0,0,0,0,0,0,0,0,0,3,23060,8,1,12,4,0,3,4,7,2,0.73,3
54,1,0,1,0,240,22,1,4,1,58,1,1,0,1,0,0,0,0,0,0,0,0,0,3,11585,1,0,11,3,1,2,3,10,0,0.07,2
30,0,1,0,0,601,7,5,4,0,97,3,2,0,0,0,0,0,0,0,0,0,1,0,4,23343,4,0,12,3,1,3,2,5,3,0.91,3
30,1,0,0,1,592,2,3,1,1,54,2,1,0,0,1,0,0,0,0,0,0,0,0,1,17181,2,1,23,2,0,3,4,10,0,0.63,2
40,0,0,1,0,1473,8,4,3,0,74,3,2,1,0,0,0,0,0,0,0,0,0,0,3,8346,4,1,14,4,0,3,3,5,2,0.73,3
31,0,0,1,0,717,13,4,3,1,34,3,2,1,0,0,0,0,0,0,0,0,0,0,2,9697,6,0,14,4,0,3,3,9,7,0.58,3
48,0,0,1,0,563,1,4,4,0,56,4,4,0,0,0,0,1,0,0,0,0,0,0,1,3156,1,0,15,2,0,2,1,2,0,0.15,2
31,0,0,1,0,1003,8,4,4,0,74,2,2,0,0,0,0,0,0,0,0,1,0,0,1,21029,8,1,23,1,3,5,3,26,13,0.0,2
35,0,0,1,0,511,2,2,1,0,89,4,2,0,0,0,0,0,0,0,0,0,1,0,3,26997,0,0,14,2,0,2,2,10,7,0.0,2
32,0,0,1,0,977,1,3,4,0,56,2,2,0,0,0,0,0,0,1,0,0,0,0,4,9961,1,0,13,2,1,4,2,9,8,0.45,2
49,0,1,0,0,1207,28,1,4,0,74,4,1,0,0,1,0,0,0,0,0,0,0,0,3,6804,1,1,11,3,3,0,3,7,8,0.52,3
42,0,0,1,0,1084,13,2,4,1,57,4,2,0,0,0,0,0,0,1,0,0,0,0,1,26250,1,0,11,3,2,2,3,8,2,0.85,3
36,1,0,1,0,781,2,1,4,0,57,2,1,0,0,1,0,0,0,0,0,0,0,0,4,13384,9,1,14,4,1,3,2,16,0,0.23,3
44,0,1,0,0,994,7,4,2,0,87,3,3,1,0,0,0,0,0,0,0,0,0,0,2,15322,7,0,19,4,0,5,3,5,6,0.76,2
31,0,0,1,0,1120,11,4,2,0,100,2,2,0,0,0,0,0,0,0,0,0,1,0,4,14369,4,0,13,1,1,4,2,7,3,0.62,2
38,0,0,1,0,722,17,3,4,1,38,3,4,0,0,0,0,1,0,0,0,0,0,0,3,20489,1,0,11,4,0,2,3,7,8,0.8,3
31,0,0,1,0,971,1,3,4,0,64,2,3,0,0,0,0,0,0,0,0,0,1,0,3,12288,1,1,14,4,0,4,3,1,9,0.76,3
29,0,0,0,1,746,8,4,3,0,61,3,2,0,0,0,0,0,0,1,0,0,0,0,4,20682,1,0,23,4,0,3,3,1,7,0.88,3
28,1,0,1,0,1404,17,3,3,0,32,2,1,0,0,1,0,0,0,0,0,0,0,0,4,18779,5,0,12,1,1,2,2,0,1,0.0,2
37,0,0,0,1,867,8,4,4,0,90,4,1,0,0,0,0,0,0,0,0,1,0,0,1,6076,6,0,19,2,1,3,3,4,8,0.62,2
35,0,0,1,0,207,9,4,2,1,64,3,1,0,0,1,0,0,0,0,0,0,0,0,3,5411,4,0,12,3,0,0,3,2,2,0.54,2
47,0,0,1,0,647,4,4,2,1,45,3,2,0,0,0,0,0,0,0,0,0,1,0,1,10333,7,0,13,4,0,4,4,22,4,0.78,2
29,0,0,1,0,1225,10,2,4,0,80,4,1,0,0,0,0,0,0,0,0,1,0,0,4,15232,3,0,17,1,0,3,3,2,0,0.0,3
42,0,1,0,0,1059,9,2,4,1,93,2,5,0,0,0,1,0,0,0,0,0,0,0,4,26362,8,0,22,4,0,5,3,5,0,0.8,3
30,0,0,1,0,546,5,1,3,0,97,3,1,0,0,0,0,0,0,0,0,1,0,0,4,26009,1,0,18,3,0,4,3,10,2,0.63,3
24,0,0,1,0,438,18,3,1,0,75,3,1,0,0,0,0,0,0,0,0,1,0,0,3,23910,1,0,14,3,0,3,2,1,4,0.9,2
43,0,0,1,0,974,1,4,4,0,91,3,1,0,0,1,0,0,0,0,0,0,0,0,4,11005,3,0,14,4,2,1,3,6,3,0.81,3
31,0,0,1,0,1378,13,2,4,1,46,2,2,0,0,1,0,0,0,0,0,0,0,0,2,23679,4,1,13,1,1,3,3,3,3,0.31,2
36,0,0,1,0,1339,7,3,2,0,59,3,3,0,0,0,0,0,0,0,0,1,0,0,1,18787,2,0,17,3,1,3,3,8,0,0.76,2
30,0,0,1,0,715,2,4,4,0,54,3,2,0,0,0,0,0,0,0,0,0,1,0,1,21602,7,0,13,4,0,3,3,8,2,0.0,3
31,0,0,1,0,685,3,3,4,0,85,3,4,0,0,0,0,0,0,0,1,0,0,0,4,23474,3,0,14,1,0,3,3,7,9,0.73,3
43,0,0,1,0,538,1,4,1,0,66,3,3,1,0,0,0,0,0,0,0,0,0,0,2,20933,1,0,12,1,3,3,3,1,8,0.0,2
37,1,0,1,0,1449,2,3,1,0,94,1,5,0,0,0,0,1,0,0,0,0,0,0,2,4285,2,1,16,1,0,2,3,10,10,0.42,1
27,0,0,0,1,585,10,3,1,1,56,3,1,0,0,0,0,0,0,0,0,1,0,0,3,17360,6,0,13,1,1,2,2,1,2,0.84,2
44,0,0,1,0,1334,4,2,3,0,63,2,2,0,0,0,0,0,0,0,0,0,1,0,2,19760,1,1,12,2,3,1,2,20,8,0.17,2
39,0,0,1,0,567,2,1,1,1,32,3,1,0,0,0,0,0,0,0,0,1,0,0,4,17218,1,1,13,3,0,3,3,2,3,0.51,2
36,0,0,1,0,1349,7,2,3,0,63,2,1,0,0,1,0,0,0,0,0,0,0,0,4,7713,1,0,18,4,1,1,2,4,0,0.29,3
43,0,0,0,1,1351,26,4,1,0,80,3,2,1,0,0,0,0,0,0,0,0,0,0,3,16959,6,0,14,2,2,3,2,25,2,0.56,2
54,0,0,0,1,1262,1,4,1,0,35,4,4,0,0,0,1,0,0,0,0,0,0,0,4,16154,2,0,22,3,0,3,2,5,4,0.67,2
50,0,0,1,0,884,15,3,1,0,80,2,3,0,0,0,0,0,0,1,0,0,0,0,3,25800,1,0,13,4,2,1,3,5,15,0.0,2
37,0,0,1,0,337,8,3,3,1,54,3,2,0,0,0,0,0,0,0,0,0,1,0,2,26841,5,0,21,3,1,3,3,8,4,0.85,2
50,0,0,0,1,1283,23,3,4,0,54,3,1,0,0,0,0,0,0,0,0,1,0,0,4,18168,9,0,16,4,0,3,3,30,2,0.38,3
29,0,0,1,0,1251,21,4,1,1,32,1,2,0,0,0,0,0,0,0,0,0,1,0,3,5561,6,0,19,3,1,5,3,6,2,0.28,2
32,0,0,1,0,1467,20,3,4,1,49,3,1,0,0,0,0,0,0,0,0,1,0,0,2,21158,1,0,13,3,0,3,2,5,2,0.76,2
45,0,0,1,0,371,19,3,4,1,80,1,3,0,0,0,0,0,0,0,0,0,1,0,3,3840,3,0,13,3,1,2,1,5,3,0.0,2
46,1,0,1,0,1287,7,3,1,1,55,3,1,0,0,1,0,0,0,0,0,0,0,0,3,14168,1,1,16,4,1,2,3,9,3,0.37,2
38,0,0,1,0,1091,1,2,3,0,90,2,4,1,0,0,0,0,0,0,0,0,0,0,3,17810,7,1,12,4,0,3,3,1,1,0.63,3
26,1,0,1,0,534,20,3,1,0,66,3,3,1,0,0,0,0,0,0,0,0,0,0,3,22908,3,0,12,1,0,3,3,3,0,0.9,2
37,0,0,1,0,1315,3,4,4,0,35,3,5,0,0,0,1,0,0,0,0,0,0,0,4,9358,4,1,12,1,1,2,4,1,2,0.0,3
32,1,0,1,0,118,16,3,1,1,69,3,2,0,0,0,0,0,0,0,0,0,1,0,1,26507,5,0,15,3,0,3,3,14,2,0.77,2
33,0,0,1,0,1420,2,4,3,0,32,2,5,0,0,0,0,0,1,0,0,0,0,0,4,21922,9,0,21,4,1,3,3,9,2,0.62,3
43,0,0,0,1,1245,14,3,3,1,80,3,2,0,0,0,0,0,0,0,0,0,1,0,2,12355,0,0,11,4,1,5,3,8,8,0.8,3
24,0,0,1,0,1109,29,4,4,0,69,3,1,0,0,1,0,0,0,0,0,0,0,0,3,11135,9,0,12,2,0,3,3,2,7,0.79,3
25,0,0,1,0,1219,2,4,1,0,78,2,4,0,0,0,0,1,0,0,0,0,0,0,4,22021,2,0,16,3,0,3,3,2,8,0.61,2
32,0,0,1,0,1448,28,3,4,0,53,4,4,0,0,0,0,0,0,0,0,0,1,0,4,11737,3,1,18,3,1,1,3,1,11,0.18,3
30,0,0,1,0,728,1,4,1,1,80,3,3,0,0,0,0,0,0,0,1,0,0,0,4,11677,2,1,18,1,2,2,3,10,2,0.48,2
25,0,0,0,1,607,7,3,1,0,83,4,2,0,0,0,0,0,0,0,0,0,1,0,1,2261,2,0,16,4,1,4,2,1,7,0.51,2
36,1,0,1,0,115,13,3,1,0,51,3,2,0,0,0,0,0,0,0,0,0,1,0,2,17485,5,0,11,1,0,3,1,5,3,0.61,1
35,0,0,1,0,810,8,2,2,1,92,4,2,0,0,0,0,0,0,0,0,0,1,0,3,22128,1,0,21,3,2,3,3,10,8,0.91,3
32,0,0,1,0,902,26,2,3,0,92,2,2,0,0,0,0,0,0,0,0,1,0,0,4,21203,3,1,13,4,1,2,1,0,1,0.68,2
50,1,1,0,0,699,6,1,2,1,83,3,1,0,0,0,0,0,0,0,0,1,0,0,1,17102,2,0,11,3,0,3,3,18,2,0.63,2
30,0,0,1,0,406,3,1,1,1,52,3,4,0,0,0,0,1,0,0,0,0,0,0,3,15596,3,0,12,4,1,4,3,8,9,0.27,2
39,0,0,1,0,646,9,4,1,0,92,3,2,0,0,0,0,0,0,0,0,1,0,0,4,18089,1,1,12,4,1,5,2,18,4,0.47,2
24,0,0,1,0,1498,21,4,1,0,44,2,2,0,0,0,0,0,0,0,0,0,1,0,4,3907,3,1,12,4,2,3,4,6,4,0.09,3
43,1,0,1,0,807,17,3,3,1,38,2,1,0,0,0,0,0,0,0,0,1,0,0,3,15587,9,1,16,4,1,1,3,1,0,0.36,3
22,0,0,1,0,1206,23,2,4,0,80,3,3,0,0,0,0,0,0,0,0,0,1,0,3,11591,3,1,16,4,0,6,3,2,0,0.8,3
28,1,0,1,0,500,2,3,3,1,49,2,1,0,0,0,0,0,0,0,0,0,0,1,3,22052,1,0,13,4,0,3,2,1,2,0.0,2
30,0,0,1,0,479,7,4,1,0,35,3,1,0,0,0,0,0,0,0,0,1,0,0,4,22061,1,0,13,3,0,1,1,10,0,0.77,2
32,0,0,1,0,482,4,4,3,0,87,3,2,0,0,0,0,0,0,0,0,1,0,0,3,5396,1,1,11,2,0,2,3,10,6,0.5,2
32,0,1,0,0,1255,1,2,1,0,90,3,1,0,0,0,0,0,0,0,0,1,0,0,1,10494,2,0,22,4,1,2,4,4,2,0.55,2
36,0,0,1,0,1299,27,3,3,0,94,3,2,1,0,0,0,0,0,0,0,0,0,0,3,16577,6,0,13,2,2,2,2,10,7,0.65,2
36,0,0,0,1,727,9,1,4,0,54,3,1,0,0,0,0,0,0,0,0,0,0,1,1,21082,1,0,11,1,0,3,3,6,2,0.69,2
31,1,0,0,1,247,8,1,3,0,80,3,1,0,0,1,0,0,0,0,0,0,0,0,3,13556,1,0,12,4,0,2,3,5,0,0.74,3
54,0,0,1,0,1332,2,4,1,1,98,2,2,1,0,0,0,0,0,0,0,0,0,0,4,17328,3,0,23,2,0,3,3,20,0,0.01,2
39,0,0,1,0,817,2,1,2,0,56,4,2,0,0,0,0,0,0,0,0,0,1,0,2,18597,3,0,12,4,0,6,3,1,2,0.89,3
26,0,0,1,0,1090,10,3,4,0,83,3,1,0,0,0,0,0,0,0,0,0,0,1,2,17967,1,0,14,4,2,5,3,0,2,0.76,3
36,0,0,0,1,1375,10,3,4,1,87,3,2,0,0,0,0,0,0,0,0,0,1,0,3,12313,1,1,14,3,1,2,3,8,14,0.83,3
22,0,0,1,0,106,2,3,1,0,62,2,2,0,1,0,0,0,0,0,0,0,0,0,1,17822,3,0,12,4,0,2,3,4,2,0.87,2
34,0,0,1,0,1034,16,3,4,1,80,3,4,0,0,0,0,1,0,0,0,0,0,0,4,7744,5,1,22,3,1,3,3,8,13,0.67,3
42,0,0,1,0,1442,9,3,4,0,46,2,3,1,0,0,0,0,0,0,0,0,0,0,2,17654,1,0,14,2,0,3,4,0,7,0.71,2
29,1,0,1,0,1243,6,3,3,1,63,4,1,0,0,1,0,0,0,0,0,0,0,0,1,3445,1,1,21,3,2,1,3,8,0,0.33,2
39,0,0,1,0,773,6,3,3,0,39,2,1,0,0,0,0,0,0,0,0,1,0,0,3,22088,1,1,14,4,1,5,3,14,1,0.87,3
32,0,0,0,1,210,29,3,1,1,56,2,4,0,0,0,0,1,0,0,0,0,0,0,4,22102,3,0,12,3,1,2,2,2,0,0.88,2
35,0,0,1,0,433,1,3,3,1,37,4,1,0,1,0,0,0,0,0,0,0,0,0,3,6004,1,0,13,4,1,3,4,2,6,0.0,3
32,0,0,1,0,741,2,4,2,0,69,3,1,0,0,1,0,0,0,0,0,0,0,0,3,18103,1,0,14,4,1,4,4,10,2,0.66,3
50,0,0,1,0,1167,5,3,4,0,30,2,1,0,0,0,0,0,0,0,0,0,0,1,3,21378,0,0,18,4,0,3,3,3,2,0.71,3
36,0,0,1,0,1053,1,2,4,1,70,3,4,0,0,0,1,0,0,0,0,0,0,0,4,13829,2,0,15,2,1,3,2,6,8,0.52,3
40,0,0,1,0,247,7,1,2,0,55,1,5,0,0,0,0,0,0,0,1,0,0,0,3,20284,1,0,22,2,2,3,3,7,16,0.86,2
30,0,0,1,0,580,27,3,2,0,39,1,2,0,0,0,0,0,0,1,0,0,0,0,1,20460,0,0,21,2,1,3,2,6,3,0.9,1
53,0,0,1,0,1194,2,4,3,1,98,3,1,0,0,0,0,0,0,0,0,1,0,0,3,14275,2,0,14,2,3,3,3,12,3,0.12,2
45,0,1,0,0,352,6,1,4,1,87,2,1,0,1,0,0,0,0,0,0,0,0,0,2,15434,1,0,11,4,0,2,3,15,0,0.64,3
46,0,0,0,1,404,2,4,3,1,98,3,2,1,0,0,0,0,0,0,0,0,0,0,4,10527,1,0,11,4,0,3,4,2,11,0.41,3
34,0,0,0,1,628,8,3,2,0,82,4,2,0,0,1,0,0,0,0,0,0,0,0,3,10228,2,0,12,1,0,3,4,8,3,0.5,2
25,0,0,1,0,1395,24,4,2,0,48,4,3,1,0,0,0,0,0,0,0,0,0,0,4,4031,3,0,15,3,0,5,3,2,3,0.14,3
51,1,0,0,1,1162,24,2,1,1,97,3,1,0,0,1,0,0,0,0,0,0,0,0,4,10261,1,0,16,4,0,1,3,13,2,0.27,3
42,0,1,0,0,954,2,2,2,0,46,1,2,0,0,0,0,0,0,0,0,0,0,1,3,12388,0,0,13,1,0,3,3,20,7,0.49,2
33,0,0,1,0,931,14,3,4,0,72,3,1,0,0,0,0,0,0,0,0,1,0,0,2,4673,1,0,13,4,1,2,3,3,7,0.0,3
28,0,0,0,1,885,4,3,1,0,58,4,1,0,0,0,0,0,0,0,0,1,0,0,1,8544,2,0,16,1,1,3,4,7,2,0.2,2
27,0,0,1,0,836,2,4,2,1,98,2,1,0,0,0,0,0,0,0,0,1,0,0,4,7975,8,0,20,2,1,4,4,1,2,0.68,2
50,1,0,1,0,1376,1,2,2,0,91,2,3,0,1,0,0,0,0,0,0,0,0,0,1,13973,9,0,14,4,1,2,3,12,6,0.83,2
32,0,0,0,1,160,4,1,3,1,51,3,1,0,0,1,0,0,0,0,0,0,0,0,2,12862,1,0,13,3,0,2,1,8,2,0.61,2
30,0,1,0,0,683,2,1,1,1,36,2,1,0,0,0,0,0,0,0,0,1,0,0,4,4695,0,0,12,4,0,3,3,8,3,0.14,2
39,1,0,1,0,224,1,4,1,0,100,2,1,0,0,0,0,0,0,0,0,1,0,0,1,7568,6,0,13,3,0,6,1,8,7,0.4,1
34,0,1,0,0,894,9,3,4,0,99,3,1,0,0,0,0,0,0,0,0,1,0,0,2,11781,1,0,16,4,0,3,2,5,7,0.55,3
48,0,0,1,0,1355,25,1,3,0,61,3,1,0,1,0,0,0,0,0,0,0,0,0,3,19665,1,0,23,4,1,3,3,22,7,0.55,3
19,0,0,1,0,1141,2,3,3,0,31,3,1,0,0,0,0,0,0,0,0,0,0,1,3,13251,1,0,19,1,0,3,3,1,2,0.84,2
40,0,0,0,1,1096,6,3,3,1,61,4,1,0,0,1,0,0,0,0,0,0,0,0,4,13499,0,0,18,1,1,3,3,18,7,0.47,3
30,0,0,1,0,1490,11,4,4,1,43,3,1,0,0,1,0,0,0,0,0,0,0,0,3,20232,7,1,11,3,1,5,3,5,2,0.0,3
35,0,0,0,1,1291,15,2,3,1,65,2,4,0,0,0,0,0,0,0,1,0,0,0,3,13458,1,0,24,1,1,1,3,15,10,0.74,2
56,0,0,1,0,548,1,3,2,0,66,3,2,0,0,0,0,0,0,0,0,1,0,0,2,19717,1,0,17,2,2,4,3,7,4,0.63,2
35,0,0,0,1,829,3,2,3,0,88,3,1,0,1,0,0,0,0,0,0,0,0,0,4,4249,0,0,19,3,1,3,1,9,2,0.47,2
30,1,0,1,0,1479,24,3,2,1,100,4,4,0,0,0,0,0,0,0,0,0,1,0,2,17071,4,1,16,4,0,2,2,10,0,0.45,2
31,0,0,1,0,410,2,1,4,0,97,3,1,0,0,1,0,0,0,0,0,0,0,0,2,4960,0,0,13,3,3,3,3,7,2,0.06,3
33,0,1,0,0,1146,15,4,3,0,34,3,2,1,0,0,0,0,0,0,0,0,0,0,4,16542,5,0,18,2,1,2,3,1,1,0.88,3
37,1,1,0,0,318,8,4,2,0,77,1,1,0,0,1,0,0,0,0,0,0,0,0,1,4759,1,1,11,4,0,3,2,1,7,0.0,2
43,0,0,1,0,1320,20,3,3,0,89,4,1,0,0,0,0,0,0,0,0,1,0,0,3,21643,0,0,17,4,0,5,2,1,0,0.5,3
40,1,0,1,0,377,9,3,1,0,52,3,3,0,0,0,0,0,0,0,0,0,1,0,4,16437,4,0,11,1,1,2,4,21,7,0.03,2
35,0,0,1,0,991,1,2,4,0,44,3,1,0,1,0,0,0,0,0,0,0,0,0,1,22957,6,0,12,3,0,2,4,4,6,0.0,3
44,1,0,1,0,601,7,4,3,1,53,2,3,0,0,0,0,0,0,1,0,0,0,0,1,12023,7,1,14,4,0,3,2,22,9,0.15,2
41,0,0,1,0,665,15,3,3,0,60,3,1,0,0,0,0,0,0,0,0,1,0,0,4,22673,1,0,19,1,0,3,3,1,5,0.95,2
32,0,0,1,0,911,1,2,4,1,76,3,1,0,0,1,0,0,0,0,0,0,0,0,2,4077,1,0,13,3,0,3,2,6,8,0.0,2
28,0,0,1,0,1082,1,4,3,1,87,3,1,0,0,0,0,0,0,0,0,1,0,0,2,18775,1,0,17,2,0,3,3,3,1,0.81,2
52,0,1,0,0,334,24,2,3,0,83,4,3,1,0,0,0,0,0,0,0,0,0,0,4,23402,3,1,16,2,1,3,1,4,3,0.82,2
45,0,0,1,0,390,17,4,4,0,62,1,1,0,0,1,0,0,0,0,0,0,0,0,3,13245,1,0,15,3,3,3,4,0,2,0.53,3
21,0,0,1,0,942,3,3,1,0,53,3,3,0,0,0,1,0,0,0,0,0,0,0,3,22984,2,0,11,4,0,3,3,2,2,0.9,2
38,1,0,1,0,1496,1,3,1,1,92,3,1,0,0,0,0,0,0,0,0,0,0,1,3,15747,3,0,15,4,1,3,4,0,2,0.83,3
41,0,0,1,0,634,17,4,2,0,95,3,3,0,0,0,1,0,0,0,0,0,0,0,1,25927,1,1,23,4,2,2,3,21,1,0.26,2
38,0,0,1,0,1443,23,3,3,0,47,2,2,0,0,0,0,0,0,0,0,0,1,0,4,21436,7,1,19,3,1,3,2,5,2,0.79,2
36,0,0,0,1,1128,13,3,2,0,95,4,2,1,0,0,0,0,0,0,0,0,0,0,1,5696,5,0,18,3,2,2,2,9,0,0.0,2
35,0,0,1,0,427,1,3,1,0,33,3,2,0,0,0,0,0,0,1,0,0,0,0,4,10877,1,1,22,2,1,3,3,11,8,0.26,2
37,0,0,1,0,967,8,3,2,0,43,3,3,0,0,0,0,0,0,0,0,0,1,0,4,15589,1,0,14,4,0,4,3,5,8,0.74,3
38,0,0,0,1,981,5,3,3,0,90,2,1,0,0,1,0,0,0,0,0,0,0,0,3,7973,3,0,14,4,0,2,3,6,2,0.24,3
26,0,0,1,0,586,1,3,1,0,48,4,2,0,0,0,0,0,0,0,0,0,1,0,1,21816,1,0,22,1,1,5,3,5,8,0.71,2
22,0,0,1,0,591,2,1,1,1,40,3,1,0,0,1,0,0,0,0,0,0,0,0,2,16632,9,0,12,4,1,6,3,1,2,0.0,2
43,0,0,1,0,1490,7,4,3,1,35,3,3,1,0,0,0,0,0,0,0,0,0,0,2,20948,3,0,14,2,2,2,3,1,7,0.77,2
34,0,0,1,0,132,6,3,2,1,55,4,1,0,0,1,0,0,0,0,0,0,0,0,4,22002,3,0,12,2,0,3,3,8,0,0.0,3
43,0,0,1,0,465,1,3,1,1,74,3,1,0,0,0,0,0,0,0,0,1,0,0,4,10205,7,0,12,3,1,2,2,5,5,0.4,2
36,0,0,1,0,1169,7,4,2,1,34,2,2,0,0,0,0,0,0,1,0,0,0,0,3,13983,2,0,17,3,0,3,3,3,0,0.6,2
53,0,0,1,0,1333,10,4,3,0,87,3,1,0,0,0,0,0,0,0,0,0,0,1,3,18410,1,1,19,4,1,2,3,2,1,0.43,3
30,0,0,0,1,641,25,2,4,0,85,3,2,0,0,0,0,0,0,0,0,0,1,0,3,6069,7,1,12,2,1,3,4,1,2,0.62,3
27,1,0,1,0,515,1,3,4,1,62,2,1,0,0,1,0,0,0,0,0,0,0,0,3,9571,0,1,14,4,0,2,1,7,2,0.0,2
22,0,0,1,0,313,21,3,4,1,61,3,1,0,0,1,0,0,0,0,0,0,0,0,4,15238,7,0,20,1,1,5,3,0,2,0.81,3
28,0,0,0,1,1194,1,3,3,0,52,3,2,1,0,0,0,0,0,0,0,0,0,0,4,9060,4,0,17,4,1,2,3,2,3,0.0,3
23,0,0,1,0,1452,11,3,3,0,53,3,5,0,0,0,1,0,0,0,0,0,0,0,2,17053,3,0,15,2,0,2,3,5,4,0.77,2
31,0,0,1,0,995,9,3,3,0,77,3,1,0,0,0,0,0,0,0,0,1,0,0,3,9834,5,0,18,2,1,1,3,2,2,0.35,2
37,0,0,1,0,263,6,3,4,1,59,3,1,0,0,1,0,0,0,0,0,0,0,0,1,3119,2,1,13,3,0,2,3,1,13,0.04,2
30,0,1,0,0,1179,2,3,4,0,73,3,2,0,0,0,0,0,0,0,0,0,1,0,4,6069,1,1,17,1,1,2,3,1,9,0.79,3
37,1,0,0,1,427,7,3,3,0,99,3,1,0,0,0,0,0,0,0,0,0,0,1,4,25103,1,1,21,2,1,2,3,7,2,0.89,3
33,0,1,0,0,168,1,3,3,1,81,3,3,0,0,0,0,0,0,1,0,0,0,0,3,15397,4,1,14,4,0,2,4,6,0,0.0,3
32,0,1,0,0,228,3,3,3,0,51,3,4,0,0,0,0,1,0,0,0,0,0,0,2,11380,8,0,12,4,1,1,4,2,12,0.82,3
41,0,1,0,0,1316,2,2,4,1,38,3,2,0,0,0,0,0,0,0,0,1,0,0,3,2338,4,1,14,4,0,3,3,21,7,0.0,3
33,0,0,0,1,1384,3,4,1,1,82,4,1,0,0,1,0,0,0,0,0,0,0,0,4,13421,1,0,22,2,1,2,3,6,7,0.0,2
35,0,0,1,0,809,1,3,3,1,36,3,4,0,0,0,1,0,0,0,0,0,0,0,3,22384,4,0,14,1,0,0,3,1,7,0.87,2
29,1,0,0,1,542,20,3,2,0,71,1,2,0,0,0,0,0,0,0,0,0,1,0,3,24788,3,1,11,3,1,5,3,3,2,0.75,2
43,1,0,1,0,988,23,3,2,1,43,3,3,0,1,0,0,0,0,0,0,0,0,0,1,11533,9,1,15,3,3,3,3,20,2,0.65,2
29,0,0,1,0,629,27,2,4,1,95,3,1,0,0,0,0,0,0,0,0,1,0,0,2,5711,2,0,15,4,0,2,3,1,2,0.63,3
36,0,0,1,0,945,5,2,2,1,80,3,2,0,1,0,0,0,0,0,0,0,0,0,2,10425,8,1,22,4,1,3,3,5,2,0.11,2
34,0,0,1,0,1038,8,1,2,0,88,2,1,0,0,0,0,0,0,0,0,0,0,1,4,21437,0,0,19,4,0,0,2,9,2,0.0,2
28,0,0,1,0,202,2,1,3,0,72,3,1,0,0,0,0,0,0,0,0,0,0,1,2,17434,1,0,18,1,1,5,3,4,0,0.87,2
25,0,0,1,0,464,4,2,3,0,75,3,1,0,0,1,0,0,0,0,0,0,0,0,4,10910,1,0,12,3,1,2,3,2,0,0.74,3
34,0,0,0,1,705,2,4,2,0,83,3,5,0,0,0,0,1,0,0,0,0,0,0,1,22822,3,0,12,4,0,4,2,5,2,0.0,2
25,1,0,1,0,626,1,2,1,1,98,2,3,0,0,1,0,0,0,0,0,0,0,0,3,19294,9,1,13,4,0,3,3,2,0,0.89,2
42,0,0,1,0,314,1,3,4,0,59,2,5,0,0,0,0,0,1,0,0,0,0,0,3,19562,1,0,12,2,1,3,3,5,7,0.77,2
28,0,0,1,0,1400,9,1,2,1,70,3,2,0,0,0,0,0,0,0,0,0,1,0,3,7655,1,0,20,1,0,3,2,9,5,0.24,2
49,1,0,1,0,719,27,2,2,0,77,4,2,0,0,0,0,0,0,0,0,0,1,0,3,10339,4,1,12,4,0,3,3,9,4,0.0,3
45,0,0,1,0,446,1,4,2,0,65,3,2,0,0,0,0,0,0,1,0,0,0,0,2,15701,6,0,12,2,1,3,2,5,5,0.86,2
34,0,0,0,1,495,10,3,3,0,64,3,3,0,0,0,1,0,0,0,0,0,0,0,4,21072,2,0,25,2,0,5,4,10,2,0.0,3
36,0,0,1,0,1075,3,2,4,0,57,3,1,0,1,0,0,0,0,0,0,0,0,0,2,22650,3,1,11,3,1,3,4,7,3,0.77,3
41,0,0,0,1,148,2,3,4,0,42,2,1,0,0,1,0,0,0,0,0,0,0,0,2,23826,1,0,22,2,0,3,3,7,3,0.28,2
40,0,1,0,0,461,13,1,2,1,53,3,1,0,0,0,0,0,0,0,0,1,0,0,4,17241,3,0,18,1,0,2,3,1,2,0.23,2
28,0,0,1,0,1396,5,2,4,1,62,3,2,0,0,1,0,0,0,0,0,0,0,0,2,9945,8,0,16,4,0,5,4,1,11,0.74,3
34,0,0,0,1,1372,1,3,4,0,42,3,1,0,0,0,0,0,0,0,0,1,0,0,4,15881,1,0,12,2,0,1,3,6,12,0.51,3
32,0,1,0,0,177,8,3,1,0,55,3,2,0,0,0,0,0,0,1,0,0,0,0,2,23814,4,0,21,3,1,3,4,3,0,0.0,2
46,0,0,1,0,144,10,1,4,1,39,2,2,0,0,0,0,0,0,0,0,0,1,0,2,11866,1,1,14,1,2,2,3,16,7,0.61,2
30,0,0,0,1,516,8,5,4,1,69,3,2,1,0,0,0,0,0,0,0,0,0,0,3,22049,2,1,17,1,0,3,3,3,0,0.89,2
28,0,0,1,0,374,20,3,4,0,50,3,2,0,0,0,0,0,0,0,0,0,1,0,3,23333,8,0,15,3,0,2,3,0,3,0.91,3
52,0,0,1,0,1370,3,1,2,1,87,3,1,0,0,1,0,0,0,0,0,0,0,0,1,16555,1,1,18,4,0,2,3,5,9,0.02,2
31,0,0,0,1,1115,1,4,1,1,51,2,2,0,0,0,0,0,0,1,0,0,0,0,3,4148,1,0,18,3,1,1,4,4,5,0.35,2
55,0,0,1,0,147,20,2,2,1,37,3,2,0,0,1,0,0,0,0,0,0,0,0,4,19187,3,1,19,4,1,5,3,19,7,0.17,3
36,0,0,1,0,829,8,1,3,1,84,3,2,0,0,0,0,0,0,0,0,0,1,0,4,24008,0,0,19,2,1,2,3,16,2,0.77,3
21,1,0,1,0,489,2,2,1,0,52,2,1,0,1,0,0,0,0,0,0,0,0,0,4,18437,1,0,12,3,0,2,4,3,0,0.81,2
26,0,0,1,0,381,24,3,1,0,49,1,1,0,0,1,0,0,0,0,0,0,0,0,3,2867,2,0,14,3,0,3,3,7,2,0.27,2
48,0,0,1,0,111,9,3,3,0,66,3,2,0,0,1,0,0,0,0,0,0,0,0,1,11012,1,0,11,3,2,3,3,2,9,0.5,2
35,1,0,1,0,350,5,3,4,0,34,3,1,0,0,0,0,0,0,0,0,0,0,1,3,9150,1,1,13,2,0,3,3,7,0,0.25,3
46,1,0,1,0,617,3,1,2,0,34,3,2,0,0,0,0,0,0,1,0,0,0,0,3,10845,0,1,19,1,1,3,4,8,2,0.08,2
39,0,1,0,0,1001,7,3,3,0,43,3,3,1,0,0,0,0,0,0,0,0,0,0,1,9262,8,0,16,1,1,2,2,5,0,0.27,2
54,0,0,1,0,282,2,2,4,1,58,1,5,0,0,0,1,0,0,0,0,0,0,0,3,10686,4,0,14,4,1,4,3,9,9,0.35,3
33,0,0,1,0,355,10,4,3,1,38,3,1,0,0,0,0,0,0,0,0,1,0,0,3,6161,3,0,22,2,2,3,2,5,3,0.27,2
36,0,0,1,0,1206,9,2,2,0,71,3,1,0,0,0,0,0,0,0,0,1,0,0,4,14293,2,0,19,4,2,3,4,7,2,0.64,3
56,0,0,1,0,921,10,3,3,1,98,3,1,0,0,1,0,0,0,0,0,0,0,0,1,17663,6,0,20,2,1,3,3,3,4,0.88,2
37,0,0,1,0,828,2,1,2,1,77,3,2,0,0,0,0,0,0,0,0,0,1,0,4,8346,4,1,13,3,0,2,4,3,5,0.0,3
34,0,0,1,0,370,1,4,3,1,92,1,3,1,0,0,0,0,0,0,0,0,0,0,4,20467,3,0,20,3,1,3,4,11,0,0.72,3
29,0,0,0,1,802,10,3,2,0,45,3,1,0,0,1,0,0,0,0,0,0,0,0,4,9541,1,0,20,1,1,3,2,1,2,0.89,2
46,1,0,1,0,1168,24,4,1,0,66,3,3,0,0,0,0,0,0,0,0,0,1,0,1,5843,6,1,13,2,0,2,2,4,2,0.0,1
41,1,0,0,1,703,2,3,3,0,90,2,1,0,0,0,0,0,0,0,0,0,0,1,4,11882,7,0,14,3,0,5,4,8,0,0.21,3
32,0,0,0,1,1274,9,1,3,0,33,3,3,0,0,0,0,0,0,1,0,0,0,0,2,14394,1,0,25,4,1,3,4,7,8,0.79,3
38,0,0,1,0,309,10,4,4,0,88,2,2,0,0,0,0,0,0,0,0,0,1,0,4,24223,2,1,14,3,3,3,3,3,0,0.0,3
58,0,0,1,0,771,1,2,2,0,45,2,2,1,0,0,0,0,0,0,0,0,0,0,3,14120,1,0,12,2,0,4,2,1,3,0.82,2
25,0,0,1,0,823,17,2,4,0,94,2,1,0,0,1,0,0,0,0,0,0,0,0,2,9100,1,0,21,4,1,3,3,3,0,0.6,3
34,0,0,1,0,1379,16,4,3,1,64,4,2,0,0,0,0,0,0,1,0,0,0,0,3,6759,1,1,19,3,0,2,4,10,10,0.15,3
47,0,0,1,0,1001,9,5,4,0,72,3,2,0,0,1,0,0,0,0,0,0,0,0,3,19627,3,1,13,2,1,3,3,8,7,0.75,3
31,0,1,0,0,1397,1,5,2,1,42,3,1,0,0,0,0,0,0,0,0,1,0,0,4,7660,1,0,12,4,1,2,2,9,9,0.1,3
38,0,0,1,0,1199,7,4,1,0,77,4,2,0,0,0,0,0,0,1,0,0,0,0,3,5118,4,0,17,4,1,2,3,1,2,0.0,3
27,0,0,1,0,793,16,1,2,0,33,3,1,0,0,0,0,0,0,0,0,1,0,0,4,3811,1,0,12,2,1,2,2,5,0,0.34,2
35,0,1,0,0,1193,2,1,2,1,86,3,3,0,0,0,0,0,0,1,0,0,0,0,3,19719,5,1,18,2,0,3,2,14,2,0.79,2
42,0,0,0,1,548,9,4,3,0,94,3,1,0,0,1,0,0,0,0,0,0,0,0,1,20520,1,0,20,2,2,3,3,2,3,0.0,2
35,1,1,0,0,622,14,4,3,0,39,2,1,0,0,1,0,0,0,0,0,0,0,0,2,10074,1,1,24,4,1,6,1,7,2,0.43,2
44,0,0,0,1,671,19,3,3,0,85,3,2,0,0,0,0,0,0,1,0,0,0,0,3,26493,3,0,17,1,3,2,2,5,3,0.91,2
30,0,0,1,0,240,2,4,1,1,75,4,2,0,0,0,0,0,0,1,0,0,0,0,1,26085,6,1,12,4,0,2,3,9,7,0.54,2
32,1,0,1,0,103,24,3,3,1,50,2,1,0,0,1,0,0,0,0,0,0,0,0,3,12947,5,1,14,2,0,3,3,14,2,0.2,2
38,1,0,1,0,156,12,3,3,1,90,4,1,0,0,0,0,0,0,0,0,0,0,1,2,25422,1,0,15,4,0,3,3,10,0,0.79,3
37,0,0,1,0,1123,16,2,4,1,96,4,1,0,0,1,0,0,0,0,0,0,0,0,4,7324,1,1,13,2,2,3,2,17,0,0.71,3
33,1,1,0,0,249,6,4,2,1,76,1,2,0,0,0,0,0,0,0,0,0,1,0,3,20739,4,1,18,2,0,2,2,11,7,0.75,2
33,0,0,1,0,583,4,1,3,0,87,2,2,0,0,0,0,0,0,0,0,0,1,0,1,18154,1,0,12,1,0,2,4,3,2,0.86,2
45,0,1,0,0,1174,3,4,1,0,99,3,2,0,0,0,0,0,0,0,0,0,1,0,2,20763,3,1,16,4,0,2,3,10,4,0.79,2
48,0,0,0,1,1431,14,3,2,1,33,3,1,0,0,0,0,0,0,0,0,1,0,0,3,17174,1,0,16,3,0,3,1,22,0,0.53,2
